sample,Alias,Assay Type,AvgSpotLen,Bases,BioProject,BioSample,BioSampleModel,Bytes,Center Name,Collection_Date,Consent,DATASTORE filetype,DATASTORE provider,DATASTORE region,Experiment,geo_loc_name_country,geo_loc_name_country_continent,geo_loc_name,Host,Instrument,Isolation_Source,Lat_Lon,Library Name,LibraryLayout,LibrarySelection,LibrarySource,Organism,Platform,ReleaseDate,Sample Name,SRA Study,location,PatNo,Group1,Group2,Group3
SRR12567136,273CSBS_S33_L001_R1_001,AMPLICON,601,184524601,PRJNA590519,SAMN15961039,Metagenome or environmental,112427852,CEDARS-SINAI MEDICAL CENTER,2018-12-18,public,"fastq,sra","gs,s3","s3.us-east-1,gs.US",SRX9055411,USA,North America,USA: California,Homo sapiens,Illumina MiSeq,Small intestine,34.052235 N 118.243683 W,273CSBS_S33,PAIRED,PCR,METAGENOMIC,human gut metagenome,ILLUMINA,2020-09-02T00:00:00Z,273J-DBE,SRP279656,Jejunum,273,TRUE,TRUE,TRUE
SRR12567139,193J_S14_L001_R1_001,AMPLICON,601,109490508,PRJNA590519,SAMN15961036,Metagenome or environmental,77270854,CEDARS-SINAI MEDICAL CENTER,2018-07-10,public,"fastq,sra","gs,s3","s3.us-east-1,gs.US",SRX9055408,USA,North America,USA: California,Homo sapiens,Illumina MiSeq,Small intestine,34.052235 N 118.243683 W,193J_S14,PAIRED,PCR,METAGENOMIC,human gut metagenome,ILLUMINA,2020-09-02T00:00:00Z,193J-DBE,SRP279656,Jejunum,193,TRUE,TRUE,TRUE
SRR12567140,180J_S32_L001_R1_001,AMPLICON,576,138277619,PRJNA590519,SAMN15961035,Metagenome or environmental,84907810,CEDARS-SINAI MEDICAL CENTER,2018-06-20,public,"fastq,sra","s3,gs","gs.US,s3.us-east-1",SRX9055407,USA,North America,USA: California,Homo sapiens,Illumina MiSeq,Small intestine,34.052235 N 118.243683 W,180J_S32,PAIRED,PCR,METAGENOMIC,human gut metagenome,ILLUMINA,2020-09-02T00:00:00Z,180J-DBE,SRP279656,Jejunum,180,TRUE,TRUE,TRUE
SRR12567142,142J_S17_L001_R1_001,AMPLICON,600,331737582,PRJNA590519,SAMN15961033,Metagenome or environmental,185793371,CEDARS-SINAI MEDICAL CENTER,2018-04-27,public,"sra,fastq","gs,s3","gs.US,s3.us-east-1",SRX9055405,USA,North America,USA: California,Homo sapiens,Illumina MiSeq,Small intestine,34.052235 N 118.243683 W,142J_S17,PAIRED,PCR,METAGENOMIC,human gut metagenome,ILLUMINA,2020-09-02T00:00:00Z,142J-DBE,SRP279656,Jejunum,142,TRUE,TRUE,TRUE
SRR12567144,87I_S6_L001_R1_001,AMPLICON,600,286115464,PRJNA590519,SAMN15961031,Metagenome or environmental,162077226,CEDARS-SINAI MEDICAL CENTER,2018-02-13,public,"sra,fastq","s3,gs","s3.us-east-1,gs.US",SRX9055403,USA,North America,USA: California,Homo sapiens,Illumina MiSeq,Small intestine,34.052235 N 118.243683 W,87I_S6,PAIRED,PCR,METAGENOMIC,human gut metagenome,ILLUMINA,2020-09-02T00:00:00Z,87I-DBE,SRP279656,Ileum,87,FALSE,TRUE,FALSE
SRR12567145,124_S13_L001_R1_001,AMPLICON,600,187508454,PRJNA590519,SAMN15960950,Metagenome or environmental,120237138,CEDARS-SINAI MEDICAL CENTER,2018-04-11,public,"fastq,sra","s3,gs","gs.US,s3.us-east-1",SRX9055402,USA,North America,USA: California,Homo sapiens,Illumina MiSeq,Small intestine,34.052235 N 118.243683 W,124_S13,PAIRED,PCR,METAGENOMIC,human gut metagenome,ILLUMINA,2020-09-02T00:00:00Z,124D-DBE,SRP279656,Duodenum,124,FALSE,TRUE,FALSE
SRR12567147,275ESBS_S37_L001_R1_001,AMPLICON,600,180011104,PRJNA590519,SAMN15961029,Metagenome or environmental,108717540,CEDARS-SINAI MEDICAL CENTER,2018-12-19,public,"sra,fastq","gs,s3","s3.us-east-1,gs.US",SRX9055400,USA,North America,USA: California,Homo sapiens,Illumina MiSeq,Small intestine,34.052235 N 118.243683 W,275ESBS_S37,PAIRED,PCR,METAGENOMIC,human gut metagenome,ILLUMINA,2020-09-02T00:00:00Z,275I-DBE,SRP279656,Ileum,275,FALSE,TRUE,FALSE
SRR12567148,270ESBS_S31_L001_R1_001,AMPLICON,600,336356747,PRJNA590519,SAMN15961028,Metagenome or environmental,205870622,CEDARS-SINAI MEDICAL CENTER,2018-12-17,public,"fastq,sra","s3,gs","s3.us-east-1,gs.US",SRX9055399,USA,North America,USA: California,Homo sapiens,Illumina MiSeq,Small intestine,34.052235 N 118.243683 W,270ESBS_S31,PAIRED,PCR,METAGENOMIC,human gut metagenome,ILLUMINA,2020-09-02T00:00:00Z,270I-DBE,SRP279656,Ileum,270,FALSE,TRUE,FALSE
SRR12567150,216ESBS_S29_L001_R1_001,AMPLICON,601,211371788,PRJNA590519,SAMN15961026,Metagenome or environmental,131554573,CEDARS-SINAI MEDICAL CENTER,2018-08-15,public,"sra,fastq","s3,gs","gs.US,s3.us-east-1",SRX9055397,USA,North America,USA: California,Homo sapiens,Illumina MiSeq,Small intestine,34.052235 N 118.243683 W,216ESBS_S29,PAIRED,PCR,METAGENOMIC,human gut metagenome,ILLUMINA,2020-09-02T00:00:00Z,216I-DBE,SRP279656,Ileum,216,FALSE,TRUE,FALSE
SRR12567152,186DJ_S39_L001_R1_001,AMPLICON,600,140569425,PRJNA590519,SAMN15961024,Metagenome or environmental,79337995,CEDARS-SINAI MEDICAL CENTER,2018-06-26,public,"fastq,sra","gs,s3","s3.us-east-1,gs.US",SRX9055395,USA,North America,USA: California,Homo sapiens,Illumina MiSeq,Small intestine,34.052235 N 118.243683 W,186DJ_S39,PAIRED,PCR,METAGENOMIC,human gut metagenome,ILLUMINA,2020-09-02T00:00:00Z,186I-DBE,SRP279656,Ileum,186,FALSE,TRUE,FALSE
SRR12567154,175J_S30_L001_R1_001,AMPLICON,600,194056828,PRJNA590519,SAMN15961022,Metagenome or environmental,107550382,CEDARS-SINAI MEDICAL CENTER,2018-06-13,public,"fastq,sra","s3,gs","s3.us-east-1,gs.US",SRX9055393,USA,North America,USA: California,Homo sapiens,Illumina MiSeq,Small intestine,34.052235 N 118.243683 W,175J_S30,PAIRED,PCR,METAGENOMIC,human gut metagenome,ILLUMINA,2020-09-02T00:00:00Z,175I-DBE,SRP279656,Ileum,175,FALSE,TRUE,FALSE
SRR12567155,171I_S27_L001_R1_001,AMPLICON,586,131356670,PRJNA590519,SAMN15961021,Metagenome or environmental,86581656,CEDARS-SINAI MEDICAL CENTER,2018-05-29,public,"fastq,sra","s3,gs","gs.US,s3.us-east-1",SRX9055392,USA,North America,USA: California,Homo sapiens,Illumina MiSeq,Small intestine,34.052235 N 118.243683 W,171I_S27,PAIRED,PCR,METAGENOMIC,human gut metagenome,ILLUMINA,2020-09-02T00:00:00Z,171I-DBE,SRP279656,Ileum,171,FALSE,TRUE,FALSE
SRR12567157,162I_S24_L001_R1_001,AMPLICON,598,141023887,PRJNA590519,SAMN15961020,Metagenome or environmental,82465256,CEDARS-SINAI MEDICAL CENTER,2018-05-23,public,"fastq,sra","s3,gs","s3.us-east-1,gs.US",SRX9055390,USA,North America,USA: California,Homo sapiens,Illumina MiSeq,Small intestine,34.052235 N 118.243683 W,162I_S24,PAIRED,PCR,METAGENOMIC,human gut metagenome,ILLUMINA,2020-09-02T00:00:00Z,162I-DBE,SRP279656,Ileum,162,FALSE,TRUE,FALSE
SRR12567160,122DJ_S41_L001_R1_001,AMPLICON,600,99063807,PRJNA590519,SAMN15961017,Metagenome or environmental,55445842,CEDARS-SINAI MEDICAL CENTER,2018-04-10,public,"sra,fastq","gs,s3","gs.US,s3.us-east-1",SRX9055387,USA,North America,USA: California,Homo sapiens,Illumina MiSeq,Small intestine,34.052235 N 118.243683 W,122DJ_S41,PAIRED,PCR,METAGENOMIC,human gut metagenome,ILLUMINA,2020-09-02T00:00:00Z,122I-DBE,SRP279656,Ileum,122,FALSE,TRUE,FALSE
SRR12567162,245ESBS_S34_L001_R1_001,AMPLICON,601,274538629,PRJNA590519,SAMN15961015,Metagenome or environmental,165125108,CEDARS-SINAI MEDICAL CENTER,2018-10-23,public,"sra,fastq","gs,s3","s3.us-east-1,gs.US",SRX9055385,USA,North America,USA: California,Homo sapiens,Illumina MiSeq,Small intestine,34.052235 N 118.243683 W,245ESBS_S34,PAIRED,PCR,METAGENOMIC,human gut metagenome,ILLUMINA,2020-09-02T00:00:00Z,245I-DBE,SRP279656,Ileum,245,TRUE,TRUE,TRUE
SRR12567164,193I_S15_L001_R1_001,AMPLICON,601,166237462,PRJNA590519,SAMN15961013,Metagenome or environmental,117861544,CEDARS-SINAI MEDICAL CENTER,2018-07-10,public,"sra,fastq","s3,gs","s3.us-east-1,gs.US",SRX9055383,USA,North America,USA: California,Homo sapiens,Illumina MiSeq,Small intestine,34.052235 N 118.243683 W,193I_S15,PAIRED,PCR,METAGENOMIC,human gut metagenome,ILLUMINA,2020-09-02T00:00:00Z,193I-DBE,SRP279656,Ileum,193,TRUE,TRUE,TRUE
SRR12567167,273ASBS_S32_L001_R1_001,AMPLICON,601,262716498,PRJNA590519,SAMN15960948,Metagenome or environmental,165882545,CEDARS-SINAI MEDICAL CENTER,2018-12-18,public,"sra,fastq","gs,s3","gs.US,s3.us-east-1",SRX9055380,USA,North America,USA: California,Homo sapiens,Illumina MiSeq,Small intestine,34.052235 N 118.243683 W,273ASBS_S32,PAIRED,PCR,METAGENOMIC,human gut metagenome,ILLUMINA,2020-09-02T00:00:00Z,273D-DBE,SRP279656,Duodenum,273,TRUE,TRUE,TRUE
SRR12567168,142I_S18_L001_R1_001,AMPLICON,587,63147621,PRJNA590519,SAMN15961010,Metagenome or environmental,40354119,CEDARS-SINAI MEDICAL CENTER,2018-04-27,public,"fastq,sra","s3,gs","s3.us-east-1,gs.US",SRX9055379,USA,North America,USA: California,Homo sapiens,Illumina MiSeq,Small intestine,34.052235 N 118.243683 W,142I_S18,PAIRED,PCR,METAGENOMIC,human gut metagenome,ILLUMINA,2020-09-02T00:00:00Z,142I-DBE,SRP279656,Ileum,142,TRUE,TRUE,TRUE
SRR12567169,131I_S15_L001_R1_001,AMPLICON,600,218591727,PRJNA590519,SAMN15961009,Metagenome or environmental,127778502,CEDARS-SINAI MEDICAL CENTER,2018-04-17,public,"fastq,sra","gs,s3","s3.us-east-1,gs.US",SRX9055378,USA,North America,USA: California,Homo sapiens,Illumina MiSeq,Small intestine,34.052235 N 118.243683 W,131I_S15,PAIRED,PCR,METAGENOMIC,human gut metagenome,ILLUMINA,2020-09-02T00:00:00Z,131I-DBE,SRP279656,Ileum,131,TRUE,TRUE,TRUE
SRR12567171,90_S23_L001_R1_001,AMPLICON,600,407641048,PRJNA590519,SAMN15961007,Metagenome or environmental,240113188,CEDARS-SINAI MEDICAL CENTER,2018-02-20,public,"fastq,sra","gs,s3","gs.US,s3.us-east-1",SRX9055376,USA,North America,USA: California,Homo sapiens,Illumina MiSeq,Small intestine,34.052235 N 118.243683 W,90_S23,PAIRED,PCR,METAGENOMIC,human gut metagenome,ILLUMINA,2020-09-02T00:00:00Z,90D-DBE,SRP279656,Duodenum,90,TRUE,FALSE,FALSE
SRR12567172,79A_S6_L001_R1_001,AMPLICON,601,764823432,PRJNA590519,SAMN15961006,Metagenome or environmental,412991947,CEDARS-SINAI MEDICAL CENTER,2018-02-06,public,"fastq,sra","gs,s3","gs.US,s3.us-east-1",SRX9055375,USA,North America,USA: California,Homo sapiens,Illumina MiSeq,Small intestine,34.052235 N 118.243683 W,79A_S6,PAIRED,PCR,METAGENOMIC,human gut metagenome,ILLUMINA,2020-09-02T00:00:00Z,79D-DBE,SRP279656,Duodenum,79,TRUE,FALSE,FALSE
SRR12567174,76A_S4_L001_R1_001,AMPLICON,601,190894685,PRJNA590519,SAMN15961004,Metagenome or environmental,108186838,CEDARS-SINAI MEDICAL CENTER,2018-01-30,public,"sra,fastq","s3,gs","s3.us-east-1,gs.US",SRX9055373,USA,North America,USA: California,Homo sapiens,Illumina MiSeq,Small intestine,34.052235 N 118.243683 W,76A_S4,PAIRED,PCR,METAGENOMIC,human gut metagenome,ILLUMINA,2020-09-02T00:00:00Z,76D-DBE,SRP279656,Duodenum,76,TRUE,FALSE,FALSE
SRR12567176,294ASBS_S39_L001_R1_001,AMPLICON,600,253219859,PRJNA590519,SAMN15961002,Metagenome or environmental,157510793,CEDARS-SINAI MEDICAL CENTER,2019-02-12,public,"fastq,sra","s3,gs","s3.us-east-1,gs.US",SRX9055371,USA,North America,USA: California,Homo sapiens,Illumina MiSeq,Small intestine,34.052235 N 118.243683 W,294ASBS_S39,PAIRED,PCR,METAGENOMIC,human gut metagenome,ILLUMINA,2020-09-02T00:00:00Z,294D-DBE,SRP279656,Duodenum,294,TRUE,FALSE,FALSE
SRR12567177,283ASBS_S37_L001_R1_001,AMPLICON,599,283824589,PRJNA590519,SAMN15961001,Metagenome or environmental,174794096,CEDARS-SINAI MEDICAL CENTER,2019-01-18,public,"fastq,sra","s3,gs","s3.us-east-1,gs.US",SRX9055370,USA,North America,USA: California,Homo sapiens,Illumina MiSeq,Small intestine,34.052235 N 118.243683 W,283ASBS_S37,PAIRED,PCR,METAGENOMIC,human gut metagenome,ILLUMINA,2020-09-02T00:00:00Z,283D-DBE,SRP279656,Duodenum,283,TRUE,FALSE,FALSE
SRR12567178,245ASBS_S32_L001_R1_001,AMPLICON,601,354731046,PRJNA590519,SAMN15960947,Metagenome or environmental,219862545,CEDARS-SINAI MEDICAL CENTER,2018-10-23,public,"fastq,sra","s3,gs","gs.US,s3.us-east-1",SRX9055369,USA,North America,USA: California,Homo sapiens,Illumina MiSeq,Small intestine,34.052235 N 118.243683 W,245ASBS_S32,PAIRED,PCR,METAGENOMIC,human gut metagenome,ILLUMINA,2020-09-02T00:00:00Z,245D-DBE,SRP279656,Duodenum,245,TRUE,TRUE,TRUE
SRR12567179,276ASBS_S38_L001_R1_001,AMPLICON,601,241289843,PRJNA590519,SAMN15961000,Metagenome or environmental,147609911,CEDARS-SINAI MEDICAL CENTER,2019-01-07,public,"sra,fastq","s3,gs","gs.US,s3.us-east-1",SRX9055368,USA,North America,USA: California,Homo sapiens,Illumina MiSeq,Small intestine,34.052235 N 118.243683 W,276ASBS_S38,PAIRED,PCR,METAGENOMIC,human gut metagenome,ILLUMINA,2020-09-02T00:00:00Z,276D-DBE,SRP279656,Duodenum,276,TRUE,FALSE,FALSE
SRR12567181,267ASBS_S27_L001_R1_001,AMPLICON,600,281269090,PRJNA590519,SAMN15960998,Metagenome or environmental,172016623,CEDARS-SINAI MEDICAL CENTER,2018-12-10,public,"fastq,sra","gs,s3","s3.us-east-1,gs.US",SRX9055366,USA,North America,USA: California,Homo sapiens,Illumina MiSeq,Small intestine,34.052235 N 118.243683 W,267ASBS_S27,PAIRED,PCR,METAGENOMIC,human gut metagenome,ILLUMINA,2020-09-02T00:00:00Z,267D-DBE,SRP279656,Duodenum,267,TRUE,FALSE,FALSE
SRR12567183,263ASBS_S25_L001_R1_001,AMPLICON,600,363776480,PRJNA590519,SAMN15960996,Metagenome or environmental,219177498,CEDARS-SINAI MEDICAL CENTER,2018-11-28,public,"fastq,sra","s3,gs","gs.US,s3.us-east-1",SRX9055364,USA,North America,USA: California,Homo sapiens,Illumina MiSeq,Small intestine,34.052235 N 118.243683 W,263ASBS_S25,PAIRED,PCR,METAGENOMIC,human gut metagenome,ILLUMINA,2020-09-02T00:00:00Z,263D-DBE,SRP279656,Duodenum,263,TRUE,FALSE,FALSE
SRR12567184,261ASBS_S24_L001_R1_001,AMPLICON,601,334476105,PRJNA590519,SAMN15960995,Metagenome or environmental,199087286,CEDARS-SINAI MEDICAL CENTER,2018-11-26,public,"sra,fastq","s3,gs","s3.us-east-1,gs.US",SRX9055363,USA,North America,USA: California,Homo sapiens,Illumina MiSeq,Small intestine,34.052235 N 118.243683 W,261ASBS_S24,PAIRED,PCR,METAGENOMIC,human gut metagenome,ILLUMINA,2020-09-02T00:00:00Z,261D-DBE,SRP279656,Duodenum,261,TRUE,FALSE,FALSE
SRR12567185,258ASBS_S23_L001_R1_001,AMPLICON,601,195748995,PRJNA590519,SAMN15960994,Metagenome or environmental,125528814,CEDARS-SINAI MEDICAL CENTER,2018-11-14,public,"sra,fastq","gs,s3","gs.US,s3.us-east-1",SRX9055362,USA,North America,USA: California,Homo sapiens,Illumina MiSeq,Small intestine,34.052235 N 118.243683 W,258ASBS_S23,PAIRED,PCR,METAGENOMIC,human gut metagenome,ILLUMINA,2020-09-02T00:00:00Z,258D-DBE,SRP279656,Duodenum,258,TRUE,FALSE,FALSE
SRR12567188,222_S39_L001_R1_001,AMPLICON,600,184246097,PRJNA590519,SAMN15960991,Metagenome or environmental,104059839,CEDARS-SINAI MEDICAL CENTER,2018-08-31,public,"fastq,sra","gs,s3","s3.us-east-1,gs.US",SRX9055359,USA,North America,USA: California,Homo sapiens,Illumina MiSeq,Small intestine,34.052235 N 118.243683 W,222_S39,PAIRED,PCR,METAGENOMIC,human gut metagenome,ILLUMINA,2020-09-02T00:00:00Z,222D-DBE,SRP279656,Duodenum,222,TRUE,FALSE,FALSE
SRR12567190,220ASBS2_S23_L001_R1_001,AMPLICON,601,327782148,PRJNA590519,SAMN15960990,Metagenome or environmental,204181759,CEDARS-SINAI MEDICAL CENTER,2018-08-24,public,"sra,fastq","gs,s3","gs.US,s3.us-east-1",SRX9055357,USA,North America,USA: California,Homo sapiens,Illumina MiSeq,Small intestine,34.052235 N 118.243683 W,220ASBS2_S23,PAIRED,PCR,METAGENOMIC,human gut metagenome,ILLUMINA,2020-09-02T00:00:00Z,220D-DBE,SRP279656,Duodenum,220,TRUE,FALSE,FALSE
SRR12567192,199_S31_L001_R1_001,AMPLICON,600,197532510,PRJNA590519,SAMN15960988,Metagenome or environmental,111802448,CEDARS-SINAI MEDICAL CENTER,2018-07-20,public,"fastq,sra","gs,s3","gs.US,s3.us-east-1",SRX9055355,USA,North America,USA: California,Homo sapiens,Illumina MiSeq,Small intestine,34.052235 N 118.243683 W,199_S31,PAIRED,PCR,METAGENOMIC,human gut metagenome,ILLUMINA,2020-09-02T00:00:00Z,199D-DBE,SRP279656,Duodenum,199,TRUE,FALSE,FALSE
SRR12567195,168ASBS2_S22_L001_R1_001,AMPLICON,601,281444651,PRJNA590519,SAMN15960985,Metagenome or environmental,174306679,CEDARS-SINAI MEDICAL CENTER,2018-05-25,public,"fastq,sra","s3,gs","s3.us-east-1,gs.US",SRX9055352,USA,North America,USA: California,Homo sapiens,Illumina MiSeq,Small intestine,34.052235 N 118.243683 W,168ASBS2_S22,PAIRED,PCR,METAGENOMIC,human gut metagenome,ILLUMINA,2020-09-02T00:00:00Z,168D-DBE,SRP279656,Duodenum,168,TRUE,FALSE,FALSE
SRR12567197,164ASBS2_S21_L001_R1_001,AMPLICON,601,312679113,PRJNA590519,SAMN15960983,Metagenome or environmental,194525240,CEDARS-SINAI MEDICAL CENTER,2020-02-10,public,"sra,fastq","s3,gs","gs.US,s3.us-east-1",SRX9055350,USA,North America,USA: California,Homo sapiens,Illumina MiSeq,Small intestine,34.052235 N 118.243683 W,164ASBS2_S21,PAIRED,PCR,METAGENOMIC,human gut metagenome,ILLUMINA,2020-09-02T00:00:00Z,164D-DBE,SRP279656,Duodenum,164,TRUE,FALSE,FALSE
SRR12567199,157_S22_L001_R1_001,AMPLICON,600,33309449,PRJNA590519,SAMN15960981,Metagenome or environmental,19466923,CEDARS-SINAI MEDICAL CENTER,2018-05-15,public,"sra,fastq","gs,s3","gs.US,s3.us-east-1",SRX9055348,USA,North America,USA: California,Homo sapiens,Illumina MiSeq,Small intestine,34.052235 N 118.243683 W,157_S22,PAIRED,PCR,METAGENOMIC,human gut metagenome,ILLUMINA,2020-09-02T00:00:00Z,157D-DBE,SRP279656,Duodenum,157,TRUE,FALSE,FALSE
SRR12567202,150_S32_L001_R1_001,AMPLICON,600,265184835,PRJNA590519,SAMN15960979,Metagenome or environmental,172699403,CEDARS-SINAI MEDICAL CENTER,2018-05-02,public,"sra,fastq","gs,s3","s3.us-east-1,gs.US",SRX9055345,USA,North America,USA: California,Homo sapiens,Illumina MiSeq,Small intestine,34.052235 N 118.243683 W,150_S32,PAIRED,PCR,METAGENOMIC,human gut metagenome,ILLUMINA,2020-09-02T00:00:00Z,150D-DBE,SRP279656,Duodenum,150,TRUE,FALSE,FALSE
SRR12567203,139_S24_L001_R1_001,AMPLICON,600,224658747,PRJNA590519,SAMN15960978,Metagenome or environmental,146512173,CEDARS-SINAI MEDICAL CENTER,2018-04-24,public,"fastq,sra","gs,s3","gs.US,s3.us-east-1",SRX9055344,USA,North America,USA: California,Homo sapiens,Illumina MiSeq,Small intestine,34.052235 N 118.243683 W,139_S24,PAIRED,PCR,METAGENOMIC,human gut metagenome,ILLUMINA,2020-09-02T00:00:00Z,139D-DBE,SRP279656,Duodenum,139,TRUE,FALSE,FALSE
SRR12567205,137_S22_L001_R1_001,AMPLICON,594,188301271,PRJNA590519,SAMN15960976,Metagenome or environmental,122259499,CEDARS-SINAI MEDICAL CENTER,2018-04-19,public,"sra,fastq","gs,s3","gs.US,s3.us-east-1",SRX9055342,USA,North America,USA: California,Homo sapiens,Illumina MiSeq,Small intestine,34.052235 N 118.243683 W,137_S22,PAIRED,PCR,METAGENOMIC,human gut metagenome,ILLUMINA,2020-09-02T00:00:00Z,137D-DBE,SRP279656,Duodenum,137,TRUE,FALSE,FALSE
SRR12567208,129_S16_L001_R1_001,AMPLICON,598,207617025,PRJNA590519,SAMN15960973,Metagenome or environmental,133191355,CEDARS-SINAI MEDICAL CENTER,2018-04-13,public,"sra,fastq","gs,s3","gs.US,s3.us-east-1",SRX9055339,USA,North America,USA: California,Homo sapiens,Illumina MiSeq,Small intestine,34.052235 N 118.243683 W,129_S16,PAIRED,PCR,METAGENOMIC,human gut metagenome,ILLUMINA,2020-09-02T00:00:00Z,129D-DBE,SRP279656,Duodenum,129,TRUE,FALSE,FALSE
SRR12567210,125ASBS_S2,AMPLICON,601,131375242,PRJNA590519,SAMN15960971,Metagenome or environmental,86595548,CEDARS-SINAI MEDICAL CENTER,2018-04-11,public,"sra,fastq","s3,gs","gs.US,s3.us-east-1",SRX9055337,USA,North America,USA: California,Homo sapiens,Illumina MiSeq,Small intestine,34.052235 N 118.243683 W,125ASBS_S2,PAIRED,PCR,METAGENOMIC,human gut metagenome,ILLUMINA,2020-09-02T00:00:00Z,125D-DBE,SRP279656,Duodenum,125,TRUE,FALSE,FALSE
SRR12567212,123DA_S2_L001_R1_001,AMPLICON,594,346471928,PRJNA590519,SAMN15960970,Metagenome or environmental,196497215,CEDARS-SINAI MEDICAL CENTER,2018-04-10,public,"sra,fastq","gs,s3","s3.us-east-1,gs.US",SRX9055335,USA,North America,USA: California,Homo sapiens,Illumina MiSeq,Small intestine,34.052235 N 118.243683 W,123DA_S2,PAIRED,PCR,METAGENOMIC,human gut metagenome,ILLUMINA,2020-09-02T00:00:00Z,123D-DBE,SRP279656,Duodenum,123,TRUE,FALSE,FALSE
SRR12567214,107A_S14_L001_R1_001,AMPLICON,595,43771691,PRJNA590519,SAMN15960968,Metagenome or environmental,25008343,CEDARS-SINAI MEDICAL CENTER,2018-03-13,public,"sra,fastq","gs,s3","s3.us-east-1,gs.US",SRX9055333,USA,North America,USA: California,Homo sapiens,Illumina MiSeq,Small intestine,34.052235 N 118.243683 W,107A_S14,PAIRED,PCR,METAGENOMIC,human gut metagenome,ILLUMINA,2020-09-02T00:00:00Z,107D-DBE,SRP279656,Duodenum,107,TRUE,FALSE,FALSE
SRR12567215,106A_S12_L001_R1_001,AMPLICON,600,106652903,PRJNA590519,SAMN15960967,Metagenome or environmental,61381845,CEDARS-SINAI MEDICAL CENTER,2018-03-12,public,"fastq,sra","s3,gs","s3.us-east-1,gs.US",SRX9055332,USA,North America,USA: California,Homo sapiens,Illumina MiSeq,Small intestine,34.052235 N 118.243683 W,106A_S12,PAIRED,PCR,METAGENOMIC,human gut metagenome,ILLUMINA,2020-09-02T00:00:00Z,106D-DBE,SRP279656,Duodenum,106,TRUE,FALSE,FALSE
SRR12567216,104A_S11_L001_R1_001,AMPLICON,601,245720005,PRJNA590519,SAMN15960966,Metagenome or environmental,142509201,CEDARS-SINAI MEDICAL CENTER,2018-03-08,public,"fastq,sra","s3,gs","s3.us-east-1,gs.US",SRX9055331,USA,North America,USA: California,Homo sapiens,Illumina MiSeq,Small intestine,34.052235 N 118.243683 W,104A_S11,PAIRED,PCR,METAGENOMIC,human gut metagenome,ILLUMINA,2020-09-02T00:00:00Z,104D-DBE,SRP279656,Duodenum,104,TRUE,FALSE,FALSE
SRR12567217,101AA_S9_L001_R1_001,AMPLICON,594,435640955,PRJNA590519,SAMN15960965,Metagenome or environmental,245153396,CEDARS-SINAI MEDICAL CENTER,2018-03-05,public,"fastq,sra","gs,s3","gs.US,s3.us-east-1",SRX9055330,USA,North America,USA: California,Homo sapiens,Illumina MiSeq,Small intestine,34.052235 N 118.243683 W,101AA_S9,PAIRED,PCR,METAGENOMIC,human gut metagenome,ILLUMINA,2020-09-02T00:00:00Z,101D-DBE,SRP279656,Duodenum,101,TRUE,FALSE,FALSE
SRR12567218,100A_S8_L001_R1_001,AMPLICON,601,169630957,PRJNA590519,SAMN15960964,Metagenome or environmental,96763224,CEDARS-SINAI MEDICAL CENTER,2018-03-02,public,"sra,fastq","s3,gs","s3.us-east-1,gs.US",SRX9055329,USA,North America,USA: California,Homo sapiens,Illumina MiSeq,Small intestine,34.052235 N 118.243683 W,100A_S8,PAIRED,PCR,METAGENOMIC,human gut metagenome,ILLUMINA,2020-09-02T00:00:00Z,100D-DBE,SRP279656,Duodenum,100,TRUE,FALSE,FALSE
SRR12567220,80D_S1_L001_R1_001,AMPLICON,594,161986267,PRJNA590519,SAMN15960962,Metagenome or environmental,91275665,CEDARS-SINAI MEDICAL CENTER,2018-02-07,public,"fastq,sra","gs,s3","s3.us-east-1,gs.US",SRX9055327,USA,North America,USA: California,Homo sapiens,Illumina MiSeq,Small intestine,34.052235 N 118.243683 W,80D_S1,PAIRED,PCR,METAGENOMIC,human gut metagenome,ILLUMINA,2020-09-02T00:00:00Z,80D-DBE,SRP279656,Duodenum,80,FALSE,TRUE,FALSE
SRR12567222,158D_S19_L001_R1_001,AMPLICON,600,245530989,PRJNA590519,SAMN15960943,Metagenome or environmental,140023469,CEDARS-SINAI MEDICAL CENTER,2018-05-15,public,"fastq,sra","s3,gs","s3.us-east-1,gs.US",SRX9055325,USA,North America,USA: California,Homo sapiens,Illumina MiSeq,Small intestine,34.052235 N 118.243683 W,158D_S19,PAIRED,PCR,METAGENOMIC,human gut metagenome,ILLUMINA,2020-09-02T00:00:00Z,158D-DBE,SRP279656,Duodenum,158,TRUE,TRUE,TRUE
SRR12567224,240D_S6_L001_R1_001,AMPLICON,600,134849851,PRJNA590519,SAMN15960959,Metagenome or environmental,76142162,CEDARS-SINAI MEDICAL CENTER,2018-10-17,public,"sra,fastq","s3,gs","gs.US,s3.us-east-1",SRX9055323,USA,North America,USA: California,Homo sapiens,Illumina MiSeq,Small intestine,34.052235 N 118.243683 W,240D_S6,PAIRED,PCR,METAGENOMIC,human gut metagenome,ILLUMINA,2020-09-02T00:00:00Z,240D-DBE,SRP279656,Duodenum,240,FALSE,TRUE,FALSE
SRR12567226,96S_S19,AMPLICON,600,406405949,PRJNA590519,SAMN15961107,Metagenome or environmental,224667407,CEDARS-SINAI MEDICAL CENTER,2018-12-03,public,"fastq,sra","s3,gs","gs.US,s3.us-east-1",SRX9055321,USA,North America,USA: California,Homo sapiens,Illumina MiSeq,Large intestine,34.052235 N 118.243683 W,96S_S19,PAIRED,PCR,METAGENOMIC,human gut metagenome,ILLUMINA,2020-09-02T00:00:00Z,96S-DBE,SRP279656,Stool,96,TRUE,FALSE,FALSE
SRR12567229,78F_S14,AMPLICON,600,830319303,PRJNA590519,SAMN15961104,Metagenome or environmental,535398138,CEDARS-SINAI MEDICAL CENTER,2018-11-14,public,"sra,fastq","gs,s3","s3.us-east-1,gs.US",SRX9055318,USA,North America,USA: California,Homo sapiens,Illumina MiSeq,Large intestine,34.052235 N 118.243683 W,78F_S14,PAIRED,PCR,METAGENOMIC,human gut metagenome,ILLUMINA,2020-09-02T00:00:00Z,78S-DBE,SRP279656,Stool,78,TRUE,FALSE,FALSE
SRR12567231,295S_S42,AMPLICON,600,146544154,PRJNA590519,SAMN15961102,Metagenome or environmental,98880004,CEDARS-SINAI MEDICAL CENTER,2018-10-30,public,"fastq,sra","gs,s3","s3.us-east-1,gs.US",SRX9055316,USA,North America,USA: California,Homo sapiens,Illumina MiSeq,Large intestine,34.052235 N 118.243683 W,295S_S42,PAIRED,PCR,METAGENOMIC,human gut metagenome,ILLUMINA,2020-09-02T00:00:00Z,295S-DBE,SRP279656,Stool,295,TRUE,FALSE,FALSE
SRR12567233,208ASBS_S24_L001_R1_001,AMPLICON,601,168501825,PRJNA590519,SAMN15960957,Metagenome or environmental,107954066,CEDARS-SINAI MEDICAL CENTER,2018-08-07,public,"fastq,sra","gs,s3","s3.us-east-1,gs.US",SRX9055314,USA,North America,USA: California,Homo sapiens,Illumina MiSeq,Small intestine,34.052235 N 118.243683 W,208ASBS_S24,PAIRED,PCR,METAGENOMIC,human gut metagenome,ILLUMINA,2020-09-02T00:00:00Z,208D-DBE,SRP279656,Duodenum,208,FALSE,TRUE,FALSE
SRR12567235,276S_S36,AMPLICON,600,179393417,PRJNA590519,SAMN15961099,Metagenome or environmental,120216984,CEDARS-SINAI MEDICAL CENTER,2018-08-24,public,"sra,fastq","gs,s3","s3.us-east-1,gs.US",SRX9055312,USA,North America,USA: California,Homo sapiens,Illumina MiSeq,Large intestine,34.052235 N 118.243683 W,276S_S36,PAIRED,PCR,METAGENOMIC,human gut metagenome,ILLUMINA,2020-09-02T00:00:00Z,276S-DBE,SRP279656,Stool,276,TRUE,FALSE,FALSE
SRR12567237,267S_S32,AMPLICON,600,153958689,PRJNA590519,SAMN15961097,Metagenome or environmental,102187760,CEDARS-SINAI MEDICAL CENTER,missing,public,"sra,fastq","s3,gs","s3.us-east-1,gs.US",SRX9055310,USA,North America,USA: California,Homo sapiens,Illumina MiSeq,Large intestine,34.052235 N 118.243683 W,267S_S32,PAIRED,PCR,METAGENOMIC,human gut metagenome,ILLUMINA,2020-09-02T00:00:00Z,267S-DBE,SRP279656,Stool,267,TRUE,FALSE,FALSE
SRR12567239,263S_S30,AMPLICON,600,186594664,PRJNA590519,SAMN15961095,Metagenome or environmental,124949799,CEDARS-SINAI MEDICAL CENTER,2018-07-24,public,"fastq,sra","s3,gs","gs.US,s3.us-east-1",SRX9055308,USA,North America,USA: California,Homo sapiens,Illumina MiSeq,Large intestine,34.052235 N 118.243683 W,263S_S30,PAIRED,PCR,METAGENOMIC,human gut metagenome,ILLUMINA,2020-09-02T00:00:00Z,263S-DBE,SRP279656,Stool,263,TRUE,FALSE,FALSE
SRR12567241,258S_S28,AMPLICON,600,56366679,PRJNA590519,SAMN15961093,Metagenome or environmental,42998671,CEDARS-SINAI MEDICAL CENTER,missing,public,"fastq,sra","s3,gs","gs.US,s3.us-east-1",SRX9055306,USA,North America,USA: California,Homo sapiens,Illumina MiSeq,Large intestine,34.052235 N 118.243683 W,258S_S28,PAIRED,PCR,METAGENOMIC,human gut metagenome,ILLUMINA,2020-09-02T00:00:00Z,258S-DBE,SRP279656,Stool,258,TRUE,FALSE,FALSE
SRR12567242,253S_S27,AMPLICON,600,199551919,PRJNA590519,SAMN15961092,Metagenome or environmental,132444459,CEDARS-SINAI MEDICAL CENTER,missing,public,"sra,fastq","gs,s3","gs.US,s3.us-east-1",SRX9055305,USA,North America,USA: California,Homo sapiens,Illumina MiSeq,Large intestine,34.052235 N 118.243683 W,253S_S27,PAIRED,PCR,METAGENOMIC,human gut metagenome,ILLUMINA,2020-09-02T00:00:00Z,253S-DBE,SRP279656,Stool,253,TRUE,FALSE,FALSE
SRR12567244,186D_S37_L001_R1_001,AMPLICON,598,76215748,PRJNA590519,SAMN15960956,Metagenome or environmental,44148037,CEDARS-SINAI MEDICAL CENTER,2018-06-26,public,"fastq,sra","gs,s3","s3.us-east-1,gs.US",SRX9055303,USA,North America,USA: California,Homo sapiens,Illumina MiSeq,Small intestine,34.052235 N 118.243683 W,186D_S37,PAIRED,PCR,METAGENOMIC,human gut metagenome,ILLUMINA,2020-09-02T00:00:00Z,186D-DBE,SRP279656,Duodenum,186,FALSE,TRUE,FALSE
SRR12567246,220S_S15,AMPLICON,600,161677934,PRJNA590519,SAMN15961089,Metagenome or environmental,106677454,CEDARS-SINAI MEDICAL CENTER,missing,public,"fastq,sra","s3,gs","gs.US,s3.us-east-1",SRX9055301,USA,North America,USA: California,Homo sapiens,Illumina MiSeq,Large intestine,34.052235 N 118.243683 W,220S_S15,PAIRED,PCR,METAGENOMIC,human gut metagenome,ILLUMINA,2020-09-02T00:00:00Z,220S-DBE,SRP279656,Stool,220,TRUE,FALSE,FALSE
SRR12567248,199S_S12,AMPLICON,600,193102112,PRJNA590519,SAMN15961087,Metagenome or environmental,130408373,CEDARS-SINAI MEDICAL CENTER,2018-06-16,public,"fastq,sra","s3,gs","gs.US,s3.us-east-1",SRX9055299,USA,North America,USA: California,Homo sapiens,Illumina MiSeq,Large intestine,34.052235 N 118.243683 W,199S_S12,PAIRED,PCR,METAGENOMIC,human gut metagenome,ILLUMINA,2020-09-02T00:00:00Z,199S-DBE,SRP279656,Stool,199,TRUE,FALSE,FALSE
SRR12567249,198S_S11,AMPLICON,601,148646545,PRJNA590519,SAMN15961086,Metagenome or environmental,101435899,CEDARS-SINAI MEDICAL CENTER,2018-06-01,public,"sra,fastq","gs,s3","s3.us-east-1,gs.US",SRX9055298,USA,North America,USA: California,Homo sapiens,Illumina MiSeq,Large intestine,34.052235 N 118.243683 W,198S_S11,PAIRED,PCR,METAGENOMIC,human gut metagenome,ILLUMINA,2020-09-02T00:00:00Z,198S-DBE,SRP279656,Stool,198,TRUE,FALSE,FALSE
SRR12567250,179S_S6,AMPLICON,600,121704168,PRJNA590519,SAMN15961085,Metagenome or environmental,82396443,CEDARS-SINAI MEDICAL CENTER,missing,public,"sra,fastq","gs,s3","gs.US,s3.us-east-1",SRX9055297,USA,North America,USA: California,Homo sapiens,Illumina MiSeq,Large intestine,34.052235 N 118.243683 W,179S_S6,PAIRED,PCR,METAGENOMIC,human gut metagenome,ILLUMINA,2020-09-02T00:00:00Z,179S-DBE,SRP279656,Stool,179,TRUE,FALSE,FALSE
SRR12567251,168S_S5,AMPLICON,600,188956601,PRJNA590519,SAMN15961084,Metagenome or environmental,125860822,CEDARS-SINAI MEDICAL CENTER,2018-05-24,public,"sra,fastq","s3,gs","s3.us-east-1,gs.US",SRX9055296,USA,North America,USA: California,Homo sapiens,Illumina MiSeq,Large intestine,34.052235 N 118.243683 W,168S_S5,PAIRED,PCR,METAGENOMIC,human gut metagenome,ILLUMINA,2020-09-02T00:00:00Z,168S-DBE,SRP279656,Stool,168,TRUE,FALSE,FALSE
SRR12567252,165S_S4,AMPLICON,600,153625688,PRJNA590519,SAMN15961083,Metagenome or environmental,102506287,CEDARS-SINAI MEDICAL CENTER,missing,public,"sra,fastq","s3,gs","s3.us-east-1,gs.US",SRX9055295,USA,North America,USA: California,Homo sapiens,Illumina MiSeq,Large intestine,34.052235 N 118.243683 W,165S_S4,PAIRED,PCR,METAGENOMIC,human gut metagenome,ILLUMINA,2020-09-02T00:00:00Z,165S-DBE,SRP279656,Stool,165,TRUE,FALSE,FALSE
SRR12567256,157S_S36,AMPLICON,600,152988533,PRJNA590519,SAMN15961080,Metagenome or environmental,106659733,CEDARS-SINAI MEDICAL CENTER,missing,public,"fastq,sra","gs,s3","gs.US,s3.us-east-1",SRX9055291,USA,North America,USA: California,Homo sapiens,Illumina MiSeq,Large intestine,34.052235 N 118.243683 W,157S_S36,PAIRED,PCR,METAGENOMIC,human gut metagenome,ILLUMINA,2020-09-02T00:00:00Z,157S-DBE,SRP279656,Stool,157,TRUE,FALSE,FALSE
SRR12567257,153S_S1,AMPLICON,600,240214113,PRJNA590519,SAMN15961079,Metagenome or environmental,163226693,CEDARS-SINAI MEDICAL CENTER,missing,public,"fastq,sra","s3,gs","gs.US,s3.us-east-1",SRX9055290,USA,North America,USA: California,Homo sapiens,Illumina MiSeq,Large intestine,34.052235 N 118.243683 W,153S_S1,PAIRED,PCR,METAGENOMIC,human gut metagenome,ILLUMINA,2020-09-02T00:00:00Z,153S-DBE,SRP279656,Stool,153,TRUE,FALSE,FALSE
SRR12567258,150S_S35,AMPLICON,600,135930730,PRJNA590519,SAMN15961078,Metagenome or environmental,93451846,CEDARS-SINAI MEDICAL CENTER,missing,public,"fastq,sra","s3,gs","s3.us-east-1,gs.US",SRX9055289,USA,North America,USA: California,Homo sapiens,Illumina MiSeq,Large intestine,34.052235 N 118.243683 W,150S_S35,PAIRED,PCR,METAGENOMIC,human gut metagenome,ILLUMINA,2020-09-02T00:00:00Z,150S-DBE,SRP279656,Stool,150,TRUE,FALSE,FALSE
SRR12567260,138S_S32,AMPLICON,600,124721073,PRJNA590519,SAMN15961076,Metagenome or environmental,87188015,CEDARS-SINAI MEDICAL CENTER,2018-06-20,public,"sra,fastq","gs,s3","s3.us-east-1,gs.US",SRX9055287,USA,North America,USA: California,Homo sapiens,Illumina MiSeq,Large intestine,34.052235 N 118.243683 W,138S_S32,PAIRED,PCR,METAGENOMIC,human gut metagenome,ILLUMINA,2020-09-02T00:00:00Z,138S-DBE,SRP279656,Stool,138,TRUE,FALSE,FALSE
SRR12567262,134S_S30,AMPLICON,600,103548681,PRJNA590519,SAMN15961074,Metagenome or environmental,72712026,CEDARS-SINAI MEDICAL CENTER,missing,public,"fastq,sra","gs,s3","gs.US,s3.us-east-1",SRX9055285,USA,North America,USA: California,Homo sapiens,Illumina MiSeq,Large intestine,34.052235 N 118.243683 W,134S_S30,PAIRED,PCR,METAGENOMIC,human gut metagenome,ILLUMINA,2020-09-02T00:00:00Z,134S-DBE,SRP279656,Stool,134,TRUE,FALSE,FALSE
SRR12567264,129S_S27,AMPLICON,600,166475931,PRJNA590519,SAMN15961072,Metagenome or environmental,115962648,CEDARS-SINAI MEDICAL CENTER,missing,public,"sra,fastq","s3,gs","s3.us-east-1,gs.US",SRX9055283,USA,North America,USA: California,Homo sapiens,Illumina MiSeq,Large intestine,34.052235 N 118.243683 W,129S_S27,PAIRED,PCR,METAGENOMIC,human gut metagenome,ILLUMINA,2020-09-02T00:00:00Z,129S-DBE,SRP279656,Stool,129,TRUE,FALSE,FALSE
SRR12567267,125S_S23,AMPLICON,600,453679182,PRJNA590519,SAMN15961070,Metagenome or environmental,248572499,CEDARS-SINAI MEDICAL CENTER,missing,public,"fastq,sra","gs,s3","s3.us-east-1,gs.US",SRX9055280,USA,North America,USA: California,Homo sapiens,Illumina MiSeq,Large intestine,34.052235 N 118.243683 W,125S_S23,PAIRED,PCR,METAGENOMIC,human gut metagenome,ILLUMINA,2020-09-02T00:00:00Z,125S-DBE,SRP279656,Stool,125,TRUE,FALSE,FALSE
SRR12567271,106S_S21,AMPLICON,600,523484782,PRJNA590519,SAMN15961066,Metagenome or environmental,297705243,CEDARS-SINAI MEDICAL CENTER,missing,public,"fastq,sra","gs,s3","gs.US,s3.us-east-1",SRX9055276,USA,North America,USA: California,Homo sapiens,Illumina MiSeq,Large intestine,34.052235 N 118.243683 W,106S_S21,PAIRED,PCR,METAGENOMIC,human gut metagenome,ILLUMINA,2020-09-02T00:00:00Z,106S-DBE,SRP279656,Stool,106,TRUE,FALSE,FALSE
SRR12567274,100F_S15,AMPLICON,600,805848760,PRJNA590519,SAMN15961063,Metagenome or environmental,523268950,CEDARS-SINAI MEDICAL CENTER,missing,public,"sra,fastq","s3,gs","gs.US,s3.us-east-1",SRX9055273,USA,North America,USA: California,Homo sapiens,Illumina MiSeq,Large intestine,34.052235 N 118.243683 W,100F_S15,PAIRED,PCR,METAGENOMIC,human gut metagenome,ILLUMINA,2020-09-02T00:00:00Z,100S-DBE,SRP279656,Stool,100,TRUE,FALSE,FALSE
SRR12567135,122PJ_S8_L001_R1_001,AMPLICON,519,78667357,PRJNA590519,SAMN15961040,Metagenome or environmental,50636098,CEDARS-SINAI MEDICAL CENTER,2018-04-10,public,"sra,fastq","s3,gs","s3.us-east-1,gs.US",SRX9055412,USA,North America,USA: California,Homo sapiens,Illumina MiSeq,Small intestine,34.052235 N 118.243683 W,122PJ_S8,PAIRED,PCR,METAGENOMIC,human gut metagenome,ILLUMINA,2020-09-02T00:00:00Z,122J-DBE,SRP279656,Jejunum,122,FALSE,TRUE,FALSE
SRR12567137,245CSBS_S33_L001_R1_001,AMPLICON,600,181796838,PRJNA590519,SAMN15961038,Metagenome or environmental,112311278,CEDARS-SINAI MEDICAL CENTER,2018-10-23,public,"sra,fastq","s3,gs","gs.US,s3.us-east-1",SRX9055410,USA,North America,USA: California,Homo sapiens,Illumina MiSeq,Small intestine,34.052235 N 118.243683 W,245CSBS_S33,PAIRED,PCR,METAGENOMIC,human gut metagenome,ILLUMINA,2020-09-02T00:00:00Z,245J-DBE,SRP279656,Jejunum,245,TRUE,TRUE,TRUE
SRR12567138,219J_S18_L001_R1_001,AMPLICON,601,145329062,PRJNA590519,SAMN15961037,Metagenome or environmental,103497452,CEDARS-SINAI MEDICAL CENTER,2018-08-22,public,"sra,fastq","s3,gs","s3.us-east-1,gs.US",SRX9055409,USA,North America,USA: California,Homo sapiens,Illumina MiSeq,Small intestine,34.052235 N 118.243683 W,219J_S18,PAIRED,PCR,METAGENOMIC,human gut metagenome,ILLUMINA,2020-09-02T00:00:00Z,219J-DBE,SRP279656,Jejunum,219,TRUE,TRUE,TRUE
SRR12567141,158J_S20_L001_R1_001,AMPLICON,600,106821639,PRJNA590519,SAMN15961034,Metagenome or environmental,62075270,CEDARS-SINAI MEDICAL CENTER,2018-05-15,public,"fastq,sra","gs,s3","gs.US,s3.us-east-1",SRX9055406,USA,North America,USA: California,Homo sapiens,Illumina MiSeq,Small intestine,34.052235 N 118.243683 W,158J_S20,PAIRED,PCR,METAGENOMIC,human gut metagenome,ILLUMINA,2020-09-02T00:00:00Z,158J-DBE,SRP279656,Jejunum,158,TRUE,TRUE,TRUE
SRR12567143,131J_S14_L001_R1_001,AMPLICON,591,117253819,PRJNA590519,SAMN15961032,Metagenome or environmental,69870942,CEDARS-SINAI MEDICAL CENTER,2018-04-17,public,"fastq,sra","s3,gs","gs.US,s3.us-east-1",SRX9055404,USA,North America,USA: California,Homo sapiens,Illumina MiSeq,Small intestine,34.052235 N 118.243683 W,131J_S14,PAIRED,PCR,METAGENOMIC,human gut metagenome,ILLUMINA,2020-09-02T00:00:00Z,131J-DBE,SRP279656,Jejunum,131,TRUE,TRUE,TRUE
SRR12567146,80I_S3_L001_R1_001,AMPLICON,600,248521014,PRJNA590519,SAMN15961030,Metagenome or environmental,139146885,CEDARS-SINAI MEDICAL CENTER,2018-02-07,public,"sra,fastq","s3,gs","gs.US,s3.us-east-1",SRX9055401,USA,North America,USA: California,Homo sapiens,Illumina MiSeq,Small intestine,34.052235 N 118.243683 W,80I_S3,PAIRED,PCR,METAGENOMIC,human gut metagenome,ILLUMINA,2020-09-02T00:00:00Z,80I-DBE,SRP279656,Ileum,80,FALSE,TRUE,FALSE
SRR12567149,240I_S23_L001_R1_001,AMPLICON,600,112627971,PRJNA590519,SAMN15961027,Metagenome or environmental,79535068,CEDARS-SINAI MEDICAL CENTER,2018-10-17,public,"sra,fastq","s3,gs","s3.us-east-1,gs.US",SRX9055398,USA,North America,USA: California,Homo sapiens,Illumina MiSeq,Small intestine,34.052235 N 118.243683 W,240I_S23,PAIRED,PCR,METAGENOMIC,human gut metagenome,ILLUMINA,2020-09-02T00:00:00Z,240I-DBE,SRP279656,Ileum,240,FALSE,TRUE,FALSE
SRR12567151,208ESBS_S26_L001_R1_001,AMPLICON,596,231307809,PRJNA590519,SAMN15961025,Metagenome or environmental,145117594,CEDARS-SINAI MEDICAL CENTER,2018-08-07,public,"sra,fastq","gs,s3","gs.US,s3.us-east-1",SRX9055396,USA,North America,USA: California,Homo sapiens,Illumina MiSeq,Small intestine,34.052235 N 118.243683 W,208ESBS_S26,PAIRED,PCR,METAGENOMIC,human gut metagenome,ILLUMINA,2020-09-02T00:00:00Z,208I-DBE,SRP279656,Ileum,208,FALSE,TRUE,FALSE
SRR12567153,185DJ_S36_L001_R1_001,AMPLICON,600,143875831,PRJNA590519,SAMN15961023,Metagenome or environmental,79088568,CEDARS-SINAI MEDICAL CENTER,2018-06-25,public,"sra,fastq","gs,s3","s3.us-east-1,gs.US",SRX9055394,USA,North America,USA: California,Homo sapiens,Illumina MiSeq,Small intestine,34.052235 N 118.243683 W,185DJ_S36,PAIRED,PCR,METAGENOMIC,human gut metagenome,ILLUMINA,2020-09-02T00:00:00Z,185I-DBE,SRP279656,Ileum,185,FALSE,TRUE,FALSE
SRR12567156,122D_S7_L001_R1_001,AMPLICON,600,204725156,PRJNA590519,SAMN15960949,Metagenome or environmental,116962189,CEDARS-SINAI MEDICAL CENTER,2018-04-10,public,"sra,fastq","s3,gs","gs.US,s3.us-east-1",SRX9055391,USA,North America,USA: California,Homo sapiens,Illumina MiSeq,Small intestine,34.052235 N 118.243683 W,122D_S7,PAIRED,PCR,METAGENOMIC,human gut metagenome,ILLUMINA,2020-09-02T00:00:00Z,122D-DBE,SRP279656,Duodenum,122,FALSE,TRUE,FALSE
SRR12567158,151IA_S17_L001_R1_001,AMPLICON,600,397161434,PRJNA590519,SAMN15961019,Metagenome or environmental,212667564,CEDARS-SINAI MEDICAL CENTER,2018-05-04,public,"sra,fastq","s3,gs","gs.US,s3.us-east-1",SRX9055389,USA,North America,USA: California,Homo sapiens,Illumina MiSeq,Small intestine,34.052235 N 118.243683 W,151IA_S17,PAIRED,PCR,METAGENOMIC,human gut metagenome,ILLUMINA,2020-09-02T00:00:00Z,151I-DBE,SRP279656,Ileum,151,FALSE,TRUE,FALSE
SRR12567159,124I_S12_L001_R1_001,AMPLICON,600,229874523,PRJNA590519,SAMN15961018,Metagenome or environmental,134408741,CEDARS-SINAI MEDICAL CENTER,2018-04-11,public,"fastq,sra","s3,gs","gs.US,s3.us-east-1",SRX9055388,USA,North America,USA: California,Homo sapiens,Illumina MiSeq,Small intestine,34.052235 N 118.243683 W,124I_S12,PAIRED,PCR,METAGENOMIC,human gut metagenome,ILLUMINA,2020-09-02T00:00:00Z,124I-DBE,SRP279656,Ileum,124,FALSE,TRUE,FALSE
SRR12567161,273ESBS_S34_L001_R1_001,AMPLICON,600,235132170,PRJNA590519,SAMN15961016,Metagenome or environmental,148884912,CEDARS-SINAI MEDICAL CENTER,2018-12-18,public,"sra,fastq","s3,gs","s3.us-east-1,gs.US",SRX9055386,USA,North America,USA: California,Homo sapiens,Illumina MiSeq,Small intestine,34.052235 N 118.243683 W,273ESBS_S34,PAIRED,PCR,METAGENOMIC,human gut metagenome,ILLUMINA,2020-09-02T00:00:00Z,273I-DBE,SRP279656,Ileum,273,TRUE,TRUE,TRUE
SRR12567163,219I_S19_L001_R1_001,AMPLICON,600,117406952,PRJNA590519,SAMN15961014,Metagenome or environmental,83302483,CEDARS-SINAI MEDICAL CENTER,2018-08-22,public,"fastq,sra","gs,s3","s3.us-east-1,gs.US",SRX9055384,USA,North America,USA: California,Homo sapiens,Illumina MiSeq,Small intestine,34.052235 N 118.243683 W,219I_S19,PAIRED,PCR,METAGENOMIC,human gut metagenome,ILLUMINA,2020-09-02T00:00:00Z,219I-DBE,SRP279656,Ileum,219,TRUE,TRUE,TRUE
SRR12567165,180I_S33_L001_R1_001,AMPLICON,599,91655359,PRJNA590519,SAMN15961012,Metagenome or environmental,52226676,CEDARS-SINAI MEDICAL CENTER,2018-06-20,public,"sra,fastq","gs,s3","gs.US,s3.us-east-1",SRX9055382,USA,North America,USA: California,Homo sapiens,Illumina MiSeq,Small intestine,34.052235 N 118.243683 W,180I_S33,PAIRED,PCR,METAGENOMIC,human gut metagenome,ILLUMINA,2020-09-02T00:00:00Z,180I-DBE,SRP279656,Ileum,180,TRUE,TRUE,TRUE
SRR12567166,158I_S21_L001_R1_001,AMPLICON,601,70307052,PRJNA590519,SAMN15961011,Metagenome or environmental,38362676,CEDARS-SINAI MEDICAL CENTER,2018-05-15,public,"fastq,sra","s3,gs","s3.us-east-1,gs.US",SRX9055381,USA,North America,USA: California,Homo sapiens,Illumina MiSeq,Small intestine,34.052235 N 118.243683 W,158I_S21,PAIRED,PCR,METAGENOMIC,human gut metagenome,ILLUMINA,2020-09-02T00:00:00Z,158I-DBE,SRP279656,Ileum,158,TRUE,TRUE,TRUE
SRR12567170,96A_S7_L001_R1_001,AMPLICON,597,54828587,PRJNA590519,SAMN15961008,Metagenome or environmental,32001870,CEDARS-SINAI MEDICAL CENTER,2018-02-28,public,"fastq,sra","s3,gs","s3.us-east-1,gs.US",SRX9055377,USA,North America,USA: California,Homo sapiens,Illumina MiSeq,Small intestine,34.052235 N 118.243683 W,96A_S7,PAIRED,PCR,METAGENOMIC,human gut metagenome,ILLUMINA,2020-09-02T00:00:00Z,96D-DBE,SRP279656,Duodenum,96,TRUE,FALSE,FALSE
SRR12567173,78A_S5_L001_R1_001,AMPLICON,601,746963007,PRJNA590519,SAMN15961005,Metagenome or environmental,422397007,CEDARS-SINAI MEDICAL CENTER,2018-02-02,public,"fastq,sra","gs,s3","s3.us-east-1,gs.US",SRX9055374,USA,North America,USA: California,Homo sapiens,Illumina MiSeq,Small intestine,34.052235 N 118.243683 W,78A_S5,PAIRED,PCR,METAGENOMIC,human gut metagenome,ILLUMINA,2020-09-02T00:00:00Z,78D-DBE,SRP279656,Duodenum,78,TRUE,FALSE,FALSE
SRR12567175,295ASBS_S40_L001_R1_001,AMPLICON,579,106679764,PRJNA590519,SAMN15961003,Metagenome or environmental,66322696,CEDARS-SINAI MEDICAL CENTER,2019-02-12,public,"sra,fastq","s3,gs","s3.us-east-1,gs.US",SRX9055372,USA,North America,USA: California,Homo sapiens,Illumina MiSeq,Small intestine,34.052235 N 118.243683 W,295ASBS_S40,PAIRED,PCR,METAGENOMIC,human gut metagenome,ILLUMINA,2020-09-02T00:00:00Z,295D-DBE,SRP279656,Duodenum,295,TRUE,FALSE,FALSE
SRR12567180,269ASBS_S28_L001_R1_001,AMPLICON,601,416021243,PRJNA590519,SAMN15960999,Metagenome or environmental,255770472,CEDARS-SINAI MEDICAL CENTER,2018-12-12,public,"sra,fastq","gs,s3","s3.us-east-1,gs.US",SRX9055367,USA,North America,USA: California,Homo sapiens,Illumina MiSeq,Small intestine,34.052235 N 118.243683 W,269ASBS_S28,PAIRED,PCR,METAGENOMIC,human gut metagenome,ILLUMINA,2020-09-02T00:00:00Z,269D-DBE,SRP279656,Duodenum,269,TRUE,FALSE,FALSE
SRR12567182,265ASBS_S26_L001_R1_001,AMPLICON,601,194070236,PRJNA590519,SAMN15960997,Metagenome or environmental,115278632,CEDARS-SINAI MEDICAL CENTER,2018-11-30,public,"sra,fastq","gs,s3","gs.US,s3.us-east-1",SRX9055365,USA,North America,USA: California,Homo sapiens,Illumina MiSeq,Small intestine,34.052235 N 118.243683 W,265ASBS_S26,PAIRED,PCR,METAGENOMIC,human gut metagenome,ILLUMINA,2020-09-02T00:00:00Z,265D-DBE,SRP279656,Duodenum,265,TRUE,FALSE,FALSE
SRR12567186,253ASBS_S22_L001_R1_001,AMPLICON,600,149675699,PRJNA590519,SAMN15960993,Metagenome or environmental,93866880,CEDARS-SINAI MEDICAL CENTER,2018-10-31,public,"fastq,sra","gs,s3","s3.us-east-1,gs.US",SRX9055361,USA,North America,USA: California,Homo sapiens,Illumina MiSeq,Small intestine,34.052235 N 118.243683 W,253ASBS_S22,PAIRED,PCR,METAGENOMIC,human gut metagenome,ILLUMINA,2020-09-02T00:00:00Z,253D-DBE,SRP279656,Duodenum,253,TRUE,FALSE,FALSE
SRR12567187,249ASBS_S21_L001_R1_001,AMPLICON,575,64735228,PRJNA590519,SAMN15960992,Metagenome or environmental,42161275,CEDARS-SINAI MEDICAL CENTER,2018-10-25,public,"sra,fastq","gs,s3","s3.us-east-1,gs.US",SRX9055360,USA,North America,USA: California,Homo sapiens,Illumina MiSeq,Small intestine,34.052235 N 118.243683 W,249ASBS_S21,PAIRED,PCR,METAGENOMIC,human gut metagenome,ILLUMINA,2020-09-02T00:00:00Z,249D-DBE,SRP279656,Duodenum,249,TRUE,FALSE,FALSE
SRR12567189,219D_S17_L001_R1_001,AMPLICON,600,136972625,PRJNA590519,SAMN15960946,Metagenome or environmental,96212304,CEDARS-SINAI MEDICAL CENTER,2018-08-22,public,"sra,fastq","gs,s3","gs.US,s3.us-east-1",SRX9055358,USA,North America,USA: California,Homo sapiens,Illumina MiSeq,Small intestine,34.052235 N 118.243683 W,219D_S17,PAIRED,PCR,METAGENOMIC,human gut metagenome,ILLUMINA,2020-09-02T00:00:00Z,219D-DBE,SRP279656,Duodenum,219,TRUE,TRUE,TRUE
SRR12567191,202_S34_L001_R1_001,AMPLICON,600,206111837,PRJNA590519,SAMN15960989,Metagenome or environmental,117894057,CEDARS-SINAI MEDICAL CENTER,2018-07-23,public,"fastq,sra","gs,s3","gs.US,s3.us-east-1",SRX9055356,USA,North America,USA: California,Homo sapiens,Illumina MiSeq,Small intestine,34.052235 N 118.243683 W,202_S34,PAIRED,PCR,METAGENOMIC,human gut metagenome,ILLUMINA,2020-09-02T00:00:00Z,202D-DBE,SRP279656,Duodenum,202,TRUE,FALSE,FALSE
SRR12567193,198_S30_L001_R1_001,AMPLICON,597,189771171,PRJNA590519,SAMN15960987,Metagenome or environmental,110155986,CEDARS-SINAI MEDICAL CENTER,2018-07-20,public,"fastq,sra","gs,s3","gs.US,s3.us-east-1",SRX9055354,USA,North America,USA: California,Homo sapiens,Illumina MiSeq,Small intestine,34.052235 N 118.243683 W,198_S30,PAIRED,PCR,METAGENOMIC,human gut metagenome,ILLUMINA,2020-09-02T00:00:00Z,198D-DBE,SRP279656,Duodenum,198,TRUE,FALSE,FALSE
SRR12567194,179D_S9_L001_R1_001,AMPLICON,600,91062283,PRJNA590519,SAMN15960986,Metagenome or environmental,49459678,CEDARS-SINAI MEDICAL CENTER,2018-06-19,public,"sra,fastq","s3,gs","gs.US,s3.us-east-1",SRX9055353,USA,North America,USA: California,Homo sapiens,Illumina MiSeq,Small intestine,34.052235 N 118.243683 W,179D_S9,PAIRED,PCR,METAGENOMIC,human gut metagenome,ILLUMINA,2020-09-02T00:00:00Z,179D-DBE,SRP279656,Duodenum,179,TRUE,FALSE,FALSE
SRR12567196,165_S24_L001_R1_001,AMPLICON,600,150601030,PRJNA590519,SAMN15960984,Metagenome or environmental,85552799,CEDARS-SINAI MEDICAL CENTER,2018-05-24,public,"fastq,sra","gs,s3","gs.US,s3.us-east-1",SRX9055351,USA,North America,USA: California,Homo sapiens,Illumina MiSeq,Small intestine,34.052235 N 118.243683 W,165_S24,PAIRED,PCR,METAGENOMIC,human gut metagenome,ILLUMINA,2020-09-02T00:00:00Z,165D-DBE,SRP279656,Duodenum,165,TRUE,FALSE,FALSE
SRR12567198,160_S23_L001_R1_001,AMPLICON,600,176437723,PRJNA590519,SAMN15960982,Metagenome or environmental,96989713,CEDARS-SINAI MEDICAL CENTER,2018-05-21,public,"sra,fastq","gs,s3","s3.us-east-1,gs.US",SRX9055349,USA,North America,USA: California,Homo sapiens,Illumina MiSeq,Small intestine,34.052235 N 118.243683 W,160_S23,PAIRED,PCR,METAGENOMIC,human gut metagenome,ILLUMINA,2020-09-02T00:00:00Z,160D-DBE,SRP279656,Duodenum,160,TRUE,FALSE,FALSE
SRR12567200,193D_S13_L001_R1_001,AMPLICON,601,177871757,PRJNA590519,SAMN15960945,Metagenome or environmental,127384104,CEDARS-SINAI MEDICAL CENTER,2018-07-10,public,"sra,fastq","s3,gs","gs.US,s3.us-east-1",SRX9055347,USA,North America,USA: California,Homo sapiens,Illumina MiSeq,Small intestine,34.052235 N 118.243683 W,193D_S13,PAIRED,PCR,METAGENOMIC,human gut metagenome,ILLUMINA,2020-09-02T00:00:00Z,193D-DBE,SRP279656,Duodenum,193,TRUE,TRUE,TRUE
SRR12567201,153_S34_L001_R1_001,AMPLICON,599,152207798,PRJNA590519,SAMN15960980,Metagenome or environmental,97297480,CEDARS-SINAI MEDICAL CENTER,2018-05-07,public,"fastq,sra","gs,s3","gs.US,s3.us-east-1",SRX9055346,USA,North America,USA: California,Homo sapiens,Illumina MiSeq,Small intestine,34.052235 N 118.243683 W,153_S34,PAIRED,PCR,METAGENOMIC,human gut metagenome,ILLUMINA,2020-09-02T00:00:00Z,153D-DBE,SRP279656,Duodenum,153,TRUE,FALSE,FALSE
SRR12567204,138_S23_L001_R1_001,AMPLICON,600,180305831,PRJNA590519,SAMN15960977,Metagenome or environmental,116325170,CEDARS-SINAI MEDICAL CENTER,2018-04-24,public,"sra,fastq","gs,s3","gs.US,s3.us-east-1",SRX9055343,USA,North America,USA: California,Homo sapiens,Illumina MiSeq,Small intestine,34.052235 N 118.243683 W,138_S23,PAIRED,PCR,METAGENOMIC,human gut metagenome,ILLUMINA,2020-09-02T00:00:00Z,138D-DBE,SRP279656,Duodenum,138,TRUE,FALSE,FALSE
SRR12567206,134_S19_L001_R1_001,AMPLICON,599,249908926,PRJNA590519,SAMN15960975,Metagenome or environmental,162557063,CEDARS-SINAI MEDICAL CENTER,2018-04-18,public,"fastq,sra","gs,s3","s3.us-east-1,gs.US",SRX9055341,USA,North America,USA: California,Homo sapiens,Illumina MiSeq,Small intestine,34.052235 N 118.243683 W,134_S19,PAIRED,PCR,METAGENOMIC,human gut metagenome,ILLUMINA,2020-09-02T00:00:00Z,134D-DBE,SRP279656,Duodenum,134,TRUE,FALSE,FALSE
SRR12567207,133_S18_L001_R1_001,AMPLICON,599,160916268,PRJNA590519,SAMN15960974,Metagenome or environmental,103256928,CEDARS-SINAI MEDICAL CENTER,2018-04-18,public,"fastq,sra","gs,s3","s3.us-east-1,gs.US",SRX9055340,USA,North America,USA: California,Homo sapiens,Illumina MiSeq,Small intestine,34.052235 N 118.243683 W,133_S18,PAIRED,PCR,METAGENOMIC,human gut metagenome,ILLUMINA,2020-09-02T00:00:00Z,133D-DBE,SRP279656,Duodenum,133,TRUE,FALSE,FALSE
SRR12567209,128_S15_L001_R1_001,AMPLICON,600,233335807,PRJNA590519,SAMN15960972,Metagenome or environmental,149112378,CEDARS-SINAI MEDICAL CENTER,2018-04-13,public,"fastq,sra","gs,s3","gs.US,s3.us-east-1",SRX9055338,USA,North America,USA: California,Homo sapiens,Illumina MiSeq,Small intestine,34.052235 N 118.243683 W,128_S15,PAIRED,PCR,METAGENOMIC,human gut metagenome,ILLUMINA,2020-09-02T00:00:00Z,128D-DBE,SRP279656,Duodenum,128,TRUE,FALSE,FALSE
SRR12567211,180D_S31_L001_R1_001,AMPLICON,585,167636223,PRJNA590519,SAMN15960944,Metagenome or environmental,99222413,CEDARS-SINAI MEDICAL CENTER,2018-06-20,public,"fastq,sra","s3,gs","s3.us-east-1,gs.US",SRX9055336,USA,North America,USA: California,Homo sapiens,Illumina MiSeq,Small intestine,34.052235 N 118.243683 W,180D_S31,PAIRED,PCR,METAGENOMIC,human gut metagenome,ILLUMINA,2020-09-02T00:00:00Z,180D-DBE,SRP279656,Duodenum,180,TRUE,TRUE,TRUE
SRR12567213,121_S12_L001_R1_001,AMPLICON,599,272068164,PRJNA590519,SAMN15960969,Metagenome or environmental,181131273,CEDARS-SINAI MEDICAL CENTER,2018-04-09,public,"fastq,sra","s3,gs","gs.US,s3.us-east-1",SRX9055334,USA,North America,USA: California,Homo sapiens,Illumina MiSeq,Small intestine,34.052235 N 118.243683 W,121_S12,PAIRED,PCR,METAGENOMIC,human gut metagenome,ILLUMINA,2020-09-02T00:00:00Z,121D-DBE,SRP279656,Duodenum,121,TRUE,FALSE,FALSE
SRR12567219,87D_S4_L001_R1_001,AMPLICON,600,164021501,PRJNA590519,SAMN15960963,Metagenome or environmental,95119119,CEDARS-SINAI MEDICAL CENTER,2018-02-13,public,"fastq,sra","s3,gs","gs.US,s3.us-east-1",SRX9055328,USA,North America,USA: California,Homo sapiens,Illumina MiSeq,Small intestine,34.052235 N 118.243683 W,87D_S4,PAIRED,PCR,METAGENOMIC,human gut metagenome,ILLUMINA,2020-09-02T00:00:00Z,87D-DBE,SRP279656,Duodenum,87,FALSE,TRUE,FALSE
SRR12567221,275ASBS_S35_L001_R1_001,AMPLICON,601,314606339,PRJNA590519,SAMN15960961,Metagenome or environmental,190844357,CEDARS-SINAI MEDICAL CENTER,2018-12-19,public,"sra,fastq","gs,s3","s3.us-east-1,gs.US",SRX9055326,USA,North America,USA: California,Homo sapiens,Illumina MiSeq,Small intestine,34.052235 N 118.243683 W,275ASBS_S35,PAIRED,PCR,METAGENOMIC,human gut metagenome,ILLUMINA,2020-09-02T00:00:00Z,275D-DBE,SRP279656,Duodenum,275,FALSE,TRUE,FALSE
SRR12567223,270ASBS_S29_L001_R1_001,AMPLICON,601,308758904,PRJNA590519,SAMN15960960,Metagenome or environmental,181175923,CEDARS-SINAI MEDICAL CENTER,2018-12-17,public,"fastq,sra","s3,gs","gs.US,s3.us-east-1",SRX9055324,USA,North America,USA: California,Homo sapiens,Illumina MiSeq,Small intestine,34.052235 N 118.243683 W,270ASBS_S29,PAIRED,PCR,METAGENOMIC,human gut metagenome,ILLUMINA,2020-09-02T00:00:00Z,270D-DBE,SRP279656,Duodenum,270,FALSE,TRUE,FALSE
SRR12567225,216ASBS_S27_L001_R1_001,AMPLICON,600,232586424,PRJNA590519,SAMN15960958,Metagenome or environmental,149010700,CEDARS-SINAI MEDICAL CENTER,2018-08-15,public,"sra,fastq","s3,gs","gs.US,s3.us-east-1",SRX9055322,USA,North America,USA: California,Homo sapiens,Illumina MiSeq,Small intestine,34.052235 N 118.243683 W,216ASBS_S27,PAIRED,PCR,METAGENOMIC,human gut metagenome,ILLUMINA,2020-09-02T00:00:00Z,216D-DBE,SRP279656,Duodenum,216,FALSE,TRUE,FALSE
SRR12567227,90S_S24,AMPLICON,600,192463264,PRJNA590519,SAMN15961106,Metagenome or environmental,133231115,CEDARS-SINAI MEDICAL CENTER,2018-12-02,public,"fastq,sra","s3,gs","gs.US,s3.us-east-1",SRX9055320,USA,North America,USA: California,Homo sapiens,Illumina MiSeq,Large intestine,34.052235 N 118.243683 W,90S_S24,PAIRED,PCR,METAGENOMIC,human gut metagenome,ILLUMINA,2020-09-02T00:00:00Z,90S-DBE,SRP279656,Stool,90,TRUE,FALSE,FALSE
SRR12567228,79S_S18,AMPLICON,600,545288941,PRJNA590519,SAMN15961105,Metagenome or environmental,303748311,CEDARS-SINAI MEDICAL CENTER,2018-11-27,public,"sra,fastq","gs,s3","gs.US,s3.us-east-1",SRX9055319,USA,North America,USA: California,Homo sapiens,Illumina MiSeq,Large intestine,34.052235 N 118.243683 W,79S_S18,PAIRED,PCR,METAGENOMIC,human gut metagenome,ILLUMINA,2020-09-02T00:00:00Z,79S-DBE,SRP279656,Stool,79,TRUE,FALSE,FALSE
SRR12567230,76F_S13,AMPLICON,600,2008958868,PRJNA590519,SAMN15961103,Metagenome or environmental,1307753444,CEDARS-SINAI MEDICAL CENTER,2018-11-02,public,"sra,fastq","gs,s3","s3.us-east-1,gs.US",SRX9055317,USA,North America,USA: California,Homo sapiens,Illumina MiSeq,Large intestine,34.052235 N 118.243683 W,76F_S13,PAIRED,PCR,METAGENOMIC,human gut metagenome,ILLUMINA,2020-09-02T00:00:00Z,76S-DBE,SRP279656,Stool,76,TRUE,FALSE,FALSE
SRR12567232,294S_S41,AMPLICON,600,209222425,PRJNA590519,SAMN15961101,Metagenome or environmental,137967441,CEDARS-SINAI MEDICAL CENTER,missing,public,"sra,fastq","s3,gs","gs.US,s3.us-east-1",SRX9055315,USA,North America,USA: California,Homo sapiens,Illumina MiSeq,Large intestine,34.052235 N 118.243683 W,294S_S41,PAIRED,PCR,METAGENOMIC,human gut metagenome,ILLUMINA,2020-09-02T00:00:00Z,294S-DBE,SRP279656,Stool,294,TRUE,FALSE,FALSE
SRR12567234,283S_S37,AMPLICON,600,138924834,PRJNA590519,SAMN15961100,Metagenome or environmental,94306692,CEDARS-SINAI MEDICAL CENTER,2018-09-02,public,"fastq,sra","gs,s3","s3.us-east-1,gs.US",SRX9055313,USA,North America,USA: California,Homo sapiens,Illumina MiSeq,Large intestine,34.052235 N 118.243683 W,283S_S37,PAIRED,PCR,METAGENOMIC,human gut metagenome,ILLUMINA,2020-09-02T00:00:00Z,283S-DBE,SRP279656,Stool,283,TRUE,FALSE,FALSE
SRR12567236,269S_S33,AMPLICON,600,165120383,PRJNA590519,SAMN15961098,Metagenome or environmental,108168739,CEDARS-SINAI MEDICAL CENTER,missing,public,"fastq,sra","gs,s3","s3.us-east-1,gs.US",SRX9055311,USA,North America,USA: California,Homo sapiens,Illumina MiSeq,Large intestine,34.052235 N 118.243683 W,269S_S33,PAIRED,PCR,METAGENOMIC,human gut metagenome,ILLUMINA,2020-09-02T00:00:00Z,269S-DBE,SRP279656,Stool,269,TRUE,FALSE,FALSE
SRR12567238,265S_S31,AMPLICON,600,171440543,PRJNA590519,SAMN15961096,Metagenome or environmental,114841278,CEDARS-SINAI MEDICAL CENTER,2018-07-24,public,"fastq,sra","gs,s3","s3.us-east-1,gs.US",SRX9055309,USA,North America,USA: California,Homo sapiens,Illumina MiSeq,Large intestine,34.052235 N 118.243683 W,265S_S31,PAIRED,PCR,METAGENOMIC,human gut metagenome,ILLUMINA,2020-09-02T00:00:00Z,265S-DBE,SRP279656,Stool,265,TRUE,FALSE,FALSE
SRR12567240,261S_S29,AMPLICON,600,206753802,PRJNA590519,SAMN15961094,Metagenome or environmental,140238262,CEDARS-SINAI MEDICAL CENTER,2018-07-25,public,"sra,fastq","s3,gs","s3.us-east-1,gs.US",SRX9055307,USA,North America,USA: California,Homo sapiens,Illumina MiSeq,Large intestine,34.052235 N 118.243683 W,261S_S29,PAIRED,PCR,METAGENOMIC,human gut metagenome,ILLUMINA,2020-09-02T00:00:00Z,261S-DBE,SRP279656,Stool,261,TRUE,FALSE,FALSE
SRR12567243,249S_S26,AMPLICON,600,169822551,PRJNA590519,SAMN15961091,Metagenome or environmental,113954807,CEDARS-SINAI MEDICAL CENTER,2018-06-21,public,"sra,fastq","s3,gs","gs.US,s3.us-east-1",SRX9055304,USA,North America,USA: California,Homo sapiens,Illumina MiSeq,Large intestine,34.052235 N 118.243683 W,249S_S26,PAIRED,PCR,METAGENOMIC,human gut metagenome,ILLUMINA,2020-09-02T00:00:00Z,249S-DBE,SRP279656,Stool,249,TRUE,FALSE,FALSE
SRR12567245,222S_S16,AMPLICON,600,189711763,PRJNA590519,SAMN15961090,Metagenome or environmental,124790580,CEDARS-SINAI MEDICAL CENTER,2018-06-29,public,"fastq,sra","gs,s3","s3.us-east-1,gs.US",SRX9055302,USA,North America,USA: California,Homo sapiens,Illumina MiSeq,Large intestine,34.052235 N 118.243683 W,222S_S16,PAIRED,PCR,METAGENOMIC,human gut metagenome,ILLUMINA,2020-09-02T00:00:00Z,222S-DBE,SRP279656,Stool,222,TRUE,FALSE,FALSE
SRR12567247,202S_S13,AMPLICON,600,191033492,PRJNA590519,SAMN15961088,Metagenome or environmental,126609259,CEDARS-SINAI MEDICAL CENTER,2018-05-29,public,"sra,fastq","s3,gs","gs.US,s3.us-east-1",SRX9055300,USA,North America,USA: California,Homo sapiens,Illumina MiSeq,Large intestine,34.052235 N 118.243683 W,202S_S13,PAIRED,PCR,METAGENOMIC,human gut metagenome,ILLUMINA,2020-09-02T00:00:00Z,202S-DBE,SRP279656,Stool,202,TRUE,FALSE,FALSE
SRR12567253,164S_S3,AMPLICON,600,160971609,PRJNA590519,SAMN15961082,Metagenome or environmental,108594819,CEDARS-SINAI MEDICAL CENTER,missing,public,"fastq,sra","gs,s3","gs.US,s3.us-east-1",SRX9055294,USA,North America,USA: California,Homo sapiens,Illumina MiSeq,Large intestine,34.052235 N 118.243683 W,164S_S3,PAIRED,PCR,METAGENOMIC,human gut metagenome,ILLUMINA,2020-09-02T00:00:00Z,164S-DBE,SRP279656,Stool,164,TRUE,FALSE,FALSE
SRR12567254,160S_S39,AMPLICON,600,111070669,PRJNA590519,SAMN15961081,Metagenome or environmental,76369385,CEDARS-SINAI MEDICAL CENTER,missing,public,"sra,fastq","gs,s3","s3.us-east-1,gs.US",SRX9055293,USA,North America,USA: California,Homo sapiens,Illumina MiSeq,Large intestine,34.052235 N 118.243683 W,160S_S39,PAIRED,PCR,METAGENOMIC,human gut metagenome,ILLUMINA,2020-09-02T00:00:00Z,160S-DBE,SRP279656,Stool,160,TRUE,FALSE,FALSE
SRR12567255,185D_S34_L001_R1_001,AMPLICON,600,310008055,PRJNA590519,SAMN15960955,Metagenome or environmental,173396970,CEDARS-SINAI MEDICAL CENTER,2018-06-25,public,"fastq,sra","s3,gs","gs.US,s3.us-east-1",SRX9055292,USA,North America,USA: California,Homo sapiens,Illumina MiSeq,Small intestine,34.052235 N 118.243683 W,185D_S34,PAIRED,PCR,METAGENOMIC,human gut metagenome,ILLUMINA,2020-09-02T00:00:00Z,185D-DBE,SRP279656,Duodenum,185,FALSE,TRUE,FALSE
SRR12567259,139S_S33,AMPLICON,600,76977876,PRJNA590519,SAMN15961077,Metagenome or environmental,53409393,CEDARS-SINAI MEDICAL CENTER,missing,public,"sra,fastq","gs,s3","s3.us-east-1,gs.US",SRX9055288,USA,North America,USA: California,Homo sapiens,Illumina MiSeq,Large intestine,34.052235 N 118.243683 W,139S_S33,PAIRED,PCR,METAGENOMIC,human gut metagenome,ILLUMINA,2020-09-02T00:00:00Z,139S-DBE,SRP279656,Stool,139,TRUE,FALSE,FALSE
SRR12567261,137S_S31,AMPLICON,600,173836847,PRJNA590519,SAMN15961075,Metagenome or environmental,121897809,CEDARS-SINAI MEDICAL CENTER,missing,public,"fastq,sra","gs,s3","gs.US,s3.us-east-1",SRX9055286,USA,North America,USA: California,Homo sapiens,Illumina MiSeq,Large intestine,34.052235 N 118.243683 W,137S_S31,PAIRED,PCR,METAGENOMIC,human gut metagenome,ILLUMINA,2020-09-02T00:00:00Z,137S-DBE,SRP279656,Stool,137,TRUE,FALSE,FALSE
SRR12567263,133S_S29,AMPLICON,599,179161950,PRJNA590519,SAMN15961073,Metagenome or environmental,123836377,CEDARS-SINAI MEDICAL CENTER,missing,public,"fastq,sra","s3,gs","gs.US,s3.us-east-1",SRX9055284,USA,North America,USA: California,Homo sapiens,Illumina MiSeq,Large intestine,34.052235 N 118.243683 W,133S_S29,PAIRED,PCR,METAGENOMIC,human gut metagenome,ILLUMINA,2020-09-02T00:00:00Z,133S-DBE,SRP279656,Stool,133,TRUE,FALSE,FALSE
SRR12567265,128S_S26,AMPLICON,600,140732783,PRJNA590519,SAMN15961071,Metagenome or environmental,97711975,CEDARS-SINAI MEDICAL CENTER,missing,public,"fastq,sra","s3,gs","s3.us-east-1,gs.US",SRX9055282,USA,North America,USA: California,Homo sapiens,Illumina MiSeq,Large intestine,34.052235 N 118.243683 W,128S_S26,PAIRED,PCR,METAGENOMIC,human gut metagenome,ILLUMINA,2020-09-02T00:00:00Z,128S-DBE,SRP279656,Stool,128,TRUE,FALSE,FALSE
SRR12567266,175D_S28_L001_R1_001,AMPLICON,583,90414403,PRJNA590519,SAMN15960954,Metagenome or environmental,67583758,CEDARS-SINAI MEDICAL CENTER,2018-06-13,public,"fastq,sra","s3,gs","s3.us-east-1,gs.US",SRX9055281,USA,North America,USA: California,Homo sapiens,Illumina MiSeq,Small intestine,34.052235 N 118.243683 W,175D_S28,PAIRED,PCR,METAGENOMIC,human gut metagenome,ILLUMINA,2020-09-02T00:00:00Z,175D-DBE,SRP279656,Duodenum,175,FALSE,TRUE,FALSE
SRR12567268,123S_S22,AMPLICON,600,197364782,PRJNA590519,SAMN15961069,Metagenome or environmental,111732886,CEDARS-SINAI MEDICAL CENTER,missing,public,"fastq,sra","s3,gs","s3.us-east-1,gs.US",SRX9055279,USA,North America,USA: California,Homo sapiens,Illumina MiSeq,Large intestine,34.052235 N 118.243683 W,123S_S22,PAIRED,PCR,METAGENOMIC,human gut metagenome,ILLUMINA,2020-09-02T00:00:00Z,123S-DBE,SRP279656,Stool,123,TRUE,FALSE,FALSE
SRR12567269,121S_S25,AMPLICON,600,119789384,PRJNA590519,SAMN15961068,Metagenome or environmental,84661290,CEDARS-SINAI MEDICAL CENTER,missing,public,"sra,fastq","gs,s3","s3.us-east-1,gs.US",SRX9055278,USA,North America,USA: California,Homo sapiens,Illumina MiSeq,Large intestine,34.052235 N 118.243683 W,121S_S25,PAIRED,PCR,METAGENOMIC,human gut metagenome,ILLUMINA,2020-09-02T00:00:00Z,121S-DBE,SRP279656,Stool,121,TRUE,FALSE,FALSE
SRR12567270,107F_S18,AMPLICON,600,636470937,PRJNA590519,SAMN15961067,Metagenome or environmental,420745122,CEDARS-SINAI MEDICAL CENTER,missing,public,"fastq,sra","gs,s3","gs.US,s3.us-east-1",SRX9055277,USA,North America,USA: California,Homo sapiens,Illumina MiSeq,Large intestine,34.052235 N 118.243683 W,107F_S18,PAIRED,PCR,METAGENOMIC,human gut metagenome,ILLUMINA,2020-09-02T00:00:00Z,107S-DBE,SRP279656,Stool,107,TRUE,FALSE,FALSE
SRR12567272,104F_S17,AMPLICON,600,472616803,PRJNA590519,SAMN15961065,Metagenome or environmental,311412507,CEDARS-SINAI MEDICAL CENTER,missing,public,"fastq,sra","s3,gs","gs.US,s3.us-east-1",SRX9055275,USA,North America,USA: California,Homo sapiens,Illumina MiSeq,Large intestine,34.052235 N 118.243683 W,104F_S17,PAIRED,PCR,METAGENOMIC,human gut metagenome,ILLUMINA,2020-09-02T00:00:00Z,104S-DBE,SRP279656,Stool,104,TRUE,FALSE,FALSE
SRR12567273,101F_S16,AMPLICON,600,760417584,PRJNA590519,SAMN15961064,Metagenome or environmental,492896417,CEDARS-SINAI MEDICAL CENTER,missing,public,"fastq,sra","s3,gs","gs.US,s3.us-east-1",SRX9055274,USA,North America,USA: California,Homo sapiens,Illumina MiSeq,Large intestine,34.052235 N 118.243683 W,101F_S16,PAIRED,PCR,METAGENOMIC,human gut metagenome,ILLUMINA,2020-09-02T00:00:00Z,101S-DBE,SRP279656,Stool,101,TRUE,FALSE,FALSE
SRR12567275,273S_S35,AMPLICON,600,136519458,PRJNA590519,SAMN15961062,Metagenome or environmental,93506912,CEDARS-SINAI MEDICAL CENTER,2018-12-21,public,"fastq,sra","gs,s3","gs.US,s3.us-east-1",SRX9055272,USA,North America,USA: California,Homo sapiens,Illumina MiSeq,Large intestine,34.052235 N 118.243683 W,273S_S35,PAIRED,PCR,METAGENOMIC,human gut metagenome,ILLUMINA,2020-09-02T00:00:00Z,273S-DBE,SRP279656,Stool,273,TRUE,TRUE,TRUE
SRR12567276,245S_S25,AMPLICON,600,177781047,PRJNA590519,SAMN15961061,Metagenome or environmental,120803299,CEDARS-SINAI MEDICAL CENTER,2018-11-01,public,"fastq,sra","gs,s3","s3.us-east-1,gs.US",SRX9055271,USA,North America,USA: California,Homo sapiens,Illumina MiSeq,Large intestine,34.052235 N 118.243683 W,245S_S25,PAIRED,PCR,METAGENOMIC,human gut metagenome,ILLUMINA,2020-09-02T00:00:00Z,245S-DBE,SRP279656,Stool,245,TRUE,TRUE,TRUE
SRR12567277,171D_S25_L001_R1_001,AMPLICON,597,187807187,PRJNA590519,SAMN15960953,Metagenome or environmental,111337282,CEDARS-SINAI MEDICAL CENTER,2018-05-29,public,"sra,fastq","s3,gs","s3.us-east-1,gs.US",SRX9055270,USA,North America,USA: California,Homo sapiens,Illumina MiSeq,Small intestine,34.052235 N 118.243683 W,171D_S25,PAIRED,PCR,METAGENOMIC,human gut metagenome,ILLUMINA,2020-09-02T00:00:00Z,171D-DBE,SRP279656,Duodenum,171,FALSE,TRUE,FALSE
SRR12567278,219S_S20,AMPLICON,600,142219321,PRJNA590519,SAMN15961060,Metagenome or environmental,98387326,CEDARS-SINAI MEDICAL CENTER,2018-08-23,public,"fastq,sra","s3,gs","gs.US,s3.us-east-1",SRX9055269,USA,North America,USA: California,Homo sapiens,Illumina MiSeq,Large intestine,34.052235 N 118.243683 W,219S_S20,PAIRED,PCR,METAGENOMIC,human gut metagenome,ILLUMINA,2020-09-02T00:00:00Z,219S-DBE,SRP279656,Stool,219,TRUE,TRUE,TRUE
SRR12567279,193S2_S10,AMPLICON,600,140918065,PRJNA590519,SAMN15961059,Metagenome or environmental,95374184,CEDARS-SINAI MEDICAL CENTER,2018-07-12,public,"fastq,sra","gs,s3","gs.US,s3.us-east-1",SRX9055268,USA,North America,USA: California,Homo sapiens,Illumina MiSeq,Large intestine,34.052235 N 118.243683 W,193S2_S10,PAIRED,PCR,METAGENOMIC,human gut metagenome,ILLUMINA,2020-09-02T00:00:00Z,193S-DBE,SRP279656,Stool,193,TRUE,TRUE,TRUE
SRR12567280,180S_S40,AMPLICON,601,109828886,PRJNA590519,SAMN15961058,Metagenome or environmental,75992468,CEDARS-SINAI MEDICAL CENTER,missing,public,"fastq,sra","gs,s3","gs.US,s3.us-east-1",SRX9055267,USA,North America,USA: California,Homo sapiens,Illumina MiSeq,Large intestine,34.052235 N 118.243683 W,180S_S40,PAIRED,PCR,METAGENOMIC,human gut metagenome,ILLUMINA,2020-09-02T00:00:00Z,180S-DBE,SRP279656,Stool,180,TRUE,TRUE,TRUE
SRR12567281,158S_S37,AMPLICON,600,115294843,PRJNA590519,SAMN15961057,Metagenome or environmental,79607274,CEDARS-SINAI MEDICAL CENTER,2018-05-26,public,"fastq,sra","s3,gs","gs.US,s3.us-east-1",SRX9055266,USA,North America,USA: California,Homo sapiens,Illumina MiSeq,Large intestine,34.052235 N 118.243683 W,158S_S37,PAIRED,PCR,METAGENOMIC,human gut metagenome,ILLUMINA,2020-09-02T00:00:00Z,158S-DBE,SRP279656,Stool,158,TRUE,TRUE,TRUE
SRR12567282,142S_S34,AMPLICON,601,134649647,PRJNA590519,SAMN15961056,Metagenome or environmental,93050481,CEDARS-SINAI MEDICAL CENTER,missing,public,"fastq,sra","s3,gs","s3.us-east-1,gs.US",SRX9055265,USA,North America,USA: California,Homo sapiens,Illumina MiSeq,Large intestine,34.052235 N 118.243683 W,142S_S34,PAIRED,PCR,METAGENOMIC,human gut metagenome,ILLUMINA,2020-09-02T00:00:00Z,142S-DBE,SRP279656,Stool,142,TRUE,TRUE,TRUE
SRR12567283,131S_S28,AMPLICON,600,135673305,PRJNA590519,SAMN15961055,Metagenome or environmental,94385789,CEDARS-SINAI MEDICAL CENTER,2018-05-08,public,"fastq,sra","s3,gs","s3.us-east-1,gs.US",SRX9055264,USA,North America,USA: California,Homo sapiens,Illumina MiSeq,Large intestine,34.052235 N 118.243683 W,131S_S28,PAIRED,PCR,METAGENOMIC,human gut metagenome,ILLUMINA,2020-09-02T00:00:00Z,131S-DBE,SRP279656,Stool,131,TRUE,TRUE,TRUE
SRR12567284,87J_S5_L001_R1_001,AMPLICON,600,529657756,PRJNA590519,SAMN15961054,Metagenome or environmental,301361681,CEDARS-SINAI MEDICAL CENTER,2018-02-13,public,"fastq,sra","gs,s3","gs.US,s3.us-east-1",SRX9055263,USA,North America,USA: California,Homo sapiens,Illumina MiSeq,Small intestine,34.052235 N 118.243683 W,87J_S5,PAIRED,PCR,METAGENOMIC,human gut metagenome,ILLUMINA,2020-09-02T00:00:00Z,87J-DBE,SRP279656,Jejunum,87,FALSE,TRUE,FALSE
SRR12567285,80J_S2_L001_R1_001,AMPLICON,574,92264267,PRJNA590519,SAMN15961053,Metagenome or environmental,52388653,CEDARS-SINAI MEDICAL CENTER,2018-02-07,public,"sra,fastq","gs,s3","s3.us-east-1,gs.US",SRX9055262,USA,North America,USA: California,Homo sapiens,Illumina MiSeq,Small intestine,34.052235 N 118.243683 W,80J_S2,PAIRED,PCR,METAGENOMIC,human gut metagenome,ILLUMINA,2020-09-02T00:00:00Z,80J-DBE,SRP279656,Jejunum,80,FALSE,TRUE,FALSE
SRR12567286,275CSBS_S36_L001_R1_001,AMPLICON,600,244970029,PRJNA590519,SAMN15961052,Metagenome or environmental,149806965,CEDARS-SINAI MEDICAL CENTER,2018-12-19,public,"fastq,sra","s3,gs","gs.US,s3.us-east-1",SRX9055261,USA,North America,USA: California,Homo sapiens,Illumina MiSeq,Small intestine,34.052235 N 118.243683 W,275CSBS_S36,PAIRED,PCR,METAGENOMIC,human gut metagenome,ILLUMINA,2020-09-02T00:00:00Z,275J-DBE,SRP279656,Jejunum,275,FALSE,TRUE,FALSE
SRR12567287,270CSBS_S30_L001_R1_001,AMPLICON,574,142766763,PRJNA590519,SAMN15961051,Metagenome or environmental,92123631,CEDARS-SINAI MEDICAL CENTER,2018-12-17,public,"fastq,sra","s3,gs","gs.US,s3.us-east-1",SRX9055260,USA,North America,USA: California,Homo sapiens,Illumina MiSeq,Small intestine,34.052235 N 118.243683 W,270CSBS_S30,PAIRED,PCR,METAGENOMIC,human gut metagenome,ILLUMINA,2020-09-02T00:00:00Z,270J-DBE,SRP279656,Jejunum,270,FALSE,TRUE,FALSE
SRR12567288,162D_S22_L001_R1_001,AMPLICON,600,65276165,PRJNA590519,SAMN15960952,Metagenome or environmental,37894410,CEDARS-SINAI MEDICAL CENTER,2018-05-23,public,"sra,fastq","gs,s3","s3.us-east-1,gs.US",SRX9055259,USA,North America,USA: California,Homo sapiens,Illumina MiSeq,Small intestine,34.052235 N 118.243683 W,162D_S22,PAIRED,PCR,METAGENOMIC,human gut metagenome,ILLUMINA,2020-09-02T00:00:00Z,162D-DBE,SRP279656,Duodenum,162,FALSE,TRUE,FALSE
SRR12567289,240J_S22_L001_R1_001,AMPLICON,601,110443924,PRJNA590519,SAMN15961050,Metagenome or environmental,77192471,CEDARS-SINAI MEDICAL CENTER,2018-10-17,public,"sra,fastq","gs,s3","gs.US,s3.us-east-1",SRX9055258,USA,North America,USA: California,Homo sapiens,Illumina MiSeq,Small intestine,34.052235 N 118.243683 W,240J_S22,PAIRED,PCR,METAGENOMIC,human gut metagenome,ILLUMINA,2020-09-02T00:00:00Z,240J-DBE,SRP279656,Jejunum,240,FALSE,TRUE,FALSE
SRR12567290,216CSBS_S28_L001_R1_001,AMPLICON,600,280234085,PRJNA590519,SAMN15961049,Metagenome or environmental,174887984,CEDARS-SINAI MEDICAL CENTER,2018-08-15,public,"sra,fastq","gs,s3","gs.US,s3.us-east-1",SRX9055257,USA,North America,USA: California,Homo sapiens,Illumina MiSeq,Small intestine,34.052235 N 118.243683 W,216CSBS_S28,PAIRED,PCR,METAGENOMIC,human gut metagenome,ILLUMINA,2020-09-02T00:00:00Z,216J-DBE,SRP279656,Jejunum,216,FALSE,TRUE,FALSE
SRR12567291,208CSBS_S25_L001_R1_001,AMPLICON,601,300967247,PRJNA590519,SAMN15961048,Metagenome or environmental,184664712,CEDARS-SINAI MEDICAL CENTER,2018-08-07,public,"fastq,sra","s3,gs","gs.US,s3.us-east-1",SRX9055256,USA,North America,USA: California,Homo sapiens,Illumina MiSeq,Small intestine,34.052235 N 118.243683 W,208CSBS_S25,PAIRED,PCR,METAGENOMIC,human gut metagenome,ILLUMINA,2020-09-02T00:00:00Z,208J-DBE,SRP279656,Jejunum,208,FALSE,TRUE,FALSE
SRR12567292,186PJ_S38_L001_R1_001,AMPLICON,599,240482287,PRJNA590519,SAMN15961047,Metagenome or environmental,134455284,CEDARS-SINAI MEDICAL CENTER,2018-06-26,public,"fastq,sra","s3,gs","gs.US,s3.us-east-1",SRX9055255,USA,North America,USA: California,Homo sapiens,Illumina MiSeq,Small intestine,34.052235 N 118.243683 W,186PJ_S38,PAIRED,PCR,METAGENOMIC,human gut metagenome,ILLUMINA,2020-09-02T00:00:00Z,186J-DBE,SRP279656,Jejunum,186,FALSE,TRUE,FALSE
SRR12567293,185PJ_S35_L001_R1_001,AMPLICON,600,263240930,PRJNA590519,SAMN15961046,Metagenome or environmental,143977117,CEDARS-SINAI MEDICAL CENTER,2018-06-25,public,"fastq,sra","s3,gs","gs.US,s3.us-east-1",SRX9055254,USA,North America,USA: California,Homo sapiens,Illumina MiSeq,Small intestine,34.052235 N 118.243683 W,185PJ_S35,PAIRED,PCR,METAGENOMIC,human gut metagenome,ILLUMINA,2020-09-02T00:00:00Z,185J-DBE,SRP279656,Jejunum,185,FALSE,TRUE,FALSE
SRR12567294,175PJ_S29_L001_R1_001,AMPLICON,585,62998879,PRJNA590519,SAMN15961045,Metagenome or environmental,41518511,CEDARS-SINAI MEDICAL CENTER,2018-06-13,public,"fastq,sra","gs,s3","gs.US,s3.us-east-1",SRX9055253,USA,North America,USA: California,Homo sapiens,Illumina MiSeq,Small intestine,34.052235 N 118.243683 W,175PJ_S29,PAIRED,PCR,METAGENOMIC,human gut metagenome,ILLUMINA,2020-09-02T00:00:00Z,175J-DBE,SRP279656,Jejunum,175,FALSE,TRUE,FALSE
SRR12567295,171J_S26_L001_R1_001,AMPLICON,590,92978860,PRJNA590519,SAMN15961044,Metagenome or environmental,57155223,CEDARS-SINAI MEDICAL CENTER,2018-05-29,public,"fastq,sra","gs,s3","gs.US,s3.us-east-1",SRX9055252,USA,North America,USA: California,Homo sapiens,Illumina MiSeq,Small intestine,34.052235 N 118.243683 W,171J_S26,PAIRED,PCR,METAGENOMIC,human gut metagenome,ILLUMINA,2020-09-02T00:00:00Z,171J-DBE,SRP279656,Jejunum,171,FALSE,TRUE,FALSE
SRR12567296,162J_S23_L001_R1_001,AMPLICON,598,189165812,PRJNA590519,SAMN15961043,Metagenome or environmental,106401847,CEDARS-SINAI MEDICAL CENTER,2018-05-23,public,"fastq,sra","gs,s3","s3.us-east-1,gs.US",SRX9055251,USA,North America,USA: California,Homo sapiens,Illumina MiSeq,Small intestine,34.052235 N 118.243683 W,162J_S23,PAIRED,PCR,METAGENOMIC,human gut metagenome,ILLUMINA,2020-09-02T00:00:00Z,162J-DBE,SRP279656,Jejunum,162,FALSE,TRUE,FALSE
SRR12567297,151JA_S16_L001_R1_001,AMPLICON,600,380929536,PRJNA590519,SAMN15961042,Metagenome or environmental,202150550,CEDARS-SINAI MEDICAL CENTER,2018-05-04,public,"sra,fastq","gs,s3","s3.us-east-1,gs.US",SRX9055250,USA,North America,USA: California,Homo sapiens,Illumina MiSeq,Small intestine,34.052235 N 118.243683 W,151JA_S16,PAIRED,PCR,METAGENOMIC,human gut metagenome,ILLUMINA,2020-09-02T00:00:00Z,151J-DBE,SRP279656,Jejunum,151,FALSE,TRUE,FALSE
SRR12567298,124J_S11_L001_R1_001,AMPLICON,568,108959190,PRJNA590519,SAMN15961041,Metagenome or environmental,65750418,CEDARS-SINAI MEDICAL CENTER,2018-04-11,public,"fastq,sra","gs,s3","gs.US,s3.us-east-1",SRX9055249,USA,North America,USA: California,Homo sapiens,Illumina MiSeq,Small intestine,34.052235 N 118.243683 W,124J_S11,PAIRED,PCR,METAGENOMIC,human gut metagenome,ILLUMINA,2020-09-02T00:00:00Z,124J-DBE,SRP279656,Jejunum,124,FALSE,TRUE,FALSE
SRR12567299,151DA_S15_L001_R1_001,AMPLICON,597,350868940,PRJNA590519,SAMN15960951,Metagenome or environmental,197563426,CEDARS-SINAI MEDICAL CENTER,2018-05-04,public,"sra,fastq","s3,gs","s3.us-east-1,gs.US",SRX9055248,USA,North America,USA: California,Homo sapiens,Illumina MiSeq,Small intestine,34.052235 N 118.243683 W,151DA_S15,PAIRED,PCR,METAGENOMIC,human gut metagenome,ILLUMINA,2020-09-02T00:00:00Z,151D-DBE,SRP279656,Duodenum,151,FALSE,TRUE,FALSE
SRR12567300,142D_S16_L001_R1_001,AMPLICON,597,53178684,PRJNA590519,SAMN15960942,Metagenome or environmental,35165353,CEDARS-SINAI MEDICAL CENTER,2018-04-27,public,"fastq,sra","s3,gs","gs.US,s3.us-east-1",SRX9055247,USA,North America,USA: California,Homo sapiens,Illumina MiSeq,Small intestine,34.052235 N 118.243683 W,142D_S16,PAIRED,PCR,METAGENOMIC,human gut metagenome,ILLUMINA,2020-09-02T00:00:00Z,142D-DBE,SRP279656,Duodenum,142,TRUE,TRUE,TRUE
SRR12567301,131D_S13_L001_R1_001,AMPLICON,592,114164948,PRJNA590519,SAMN15960941,Metagenome or environmental,69505303,CEDARS-SINAI MEDICAL CENTER,2018-04-17,public,"fastq,sra","gs,s3","s3.us-east-1,gs.US",SRX9055246,USA,North America,USA: California,Homo sapiens,Illumina MiSeq,Small intestine,34.052235 N 118.243683 W,131D_S13,PAIRED,PCR,METAGENOMIC,human gut metagenome,ILLUMINA,2020-09-02T00:00:00Z,131D-DBE,SRP279656,Duodenum,131,TRUE,TRUE,TRUE
